bridge=http://127.0.0.1:15526/api/v1/singleplayer model=typesafe-ai/jev max-actions=unlimited log=/tmp/jev-autonomous-2026-09-20/run-4.jsonl
observed: event 43630b553cd442ecb688d074c3b832d1:1 act 1 floor 1 actions=3
[action 1] legal actions:
  choose_event_option:0  Scroll Boxes: Choose 1 of 2 packs of cards to add to your Deck.
  choose_event_option:1  Nutritious Oyster: Raise your Max HP by 11.
  choose_event_option:2  Precarious Shears: Remove 2 cards from your Deck. Lose 16 HP.
Jev (typesafe-ai/jev): choose_event_option:0  confidence=not returned
  distribution: choose_event_option:0=0.56 choose_event_option:1=0.43 choose_event_option:2=0.01
POST 202 {"status":"dispatched","state_version":"43630b553cd442ecb688d074c3b832d1:1","label":"choose_event_option:0"}
observed: bundle_select 43630b553cd442ecb688d074c3b832d1:2 act 1 floor 1 actions=2
[action 2] legal actions:
  select_bundle:0  Select bundle[0]: Pommel Strike
Attack
1
Sword Boomerang
Attack
1
Feel No Pain
Power
1
Deal 9 damage.
Draw 1 card.
Deal 3 damage to a random enemy 3 times.
Whenever a card is Exhausted, gain 3 Block.
  select_bundle:1  Select bundle[1]: Havoc
Skill
1
Headbutt
Attack
1
Flame Barrier
Skill
2
Play the top card of your Draw Pile and Exhaust it.
Deal 9 damage.
Put a card from your Discard Pile on top of your Draw Pile.
Gain 12 Block.
Whenever you are attacked this turn, deal 4 damage back.
Jev (typesafe-ai/jev): select_bundle:0  confidence=not returned
  distribution: select_bundle:0=0.7 select_bundle:1=0.3
POST 202 {"status":"dispatched","state_version":"43630b553cd442ecb688d074c3b832d1:2","label":"select_bundle:0"}
observed: bundle_select 43630b553cd442ecb688d074c3b832d1:3 act 1 floor 1 actions=2
[action 3] legal actions:
  confirm_bundle_selection  Take selected bundle
  cancel_bundle_selection  Cancel bundle preview
Jev (typesafe-ai/jev): confirm_bundle_selection  confidence=not returned
  distribution: confirm_bundle_selection=0.94 cancel_bundle_selection=0.06
POST 202 {"status":"dispatched","state_version":"43630b553cd442ecb688d074c3b832d1:3","label":"confirm_bundle_selection"}
observed: event 43630b553cd442ecb688d074c3b832d1:5 act 1 floor 1 actions=1
singleton legal set: choose_event_option:0  Proceed:  (no inference)
POST 202 {"status":"dispatched","state_version":"43630b553cd442ecb688d074c3b832d1:5","label":"choose_event_option:0"}
observed: map 43630b553cd442ecb688d074c3b832d1:7 act 1 floor 1 actions=2
[action 5] legal actions:
  choose_map_node:0  Travel to Monster at (0,1)
  choose_map_node:1  Travel to Monster at (3,1)
Jev (typesafe-ai/jev): choose_map_node:0  confidence=not returned
  distribution: choose_map_node:0=0.65 choose_map_node:1=0.35
POST 202 {"status":"dispatched","state_version":"43630b553cd442ecb688d074c3b832d1:7","label":"choose_map_node:0"}
waiting: waiting 43630b553cd442ecb688d074c3b832d1:8 actions=0
waiting: monster 43630b553cd442ecb688d074c3b832d1:10 actions=0
waiting: monster 43630b553cd442ecb688d074c3b832d1:11 actions=0
waiting: monster 43630b553cd442ecb688d074c3b832d1:12 actions=0
waiting: monster 43630b553cd442ecb688d074c3b832d1:13 actions=0
observed: monster 43630b553cd442ecb688d074c3b832d1:14 act 1 floor 2 actions=6
[action 6] legal actions:
  play_card:0:1  Play hand[0] Strike targeting Shrinker Beetle (1)
  play_card:1:none  Play hand[1] Sword Boomerang
  play_card:2:none  Play hand[2] Defend
  play_card:3:none  Play hand[3] Defend
  play_card:4:1  Play hand[4] Strike targeting Shrinker Beetle (1)
  end_turn  End turn
Jev (typesafe-ai/jev): play_card:0:1  confidence=not returned
  distribution: play_card:0:1=0.41 play_card:2:none=0.27 play_card:1:none=0.15 play_card:4:1=0.09 end_turn=0.05 play_card:3:none=0.03
POST 202 {"status":"dispatched","state_version":"43630b553cd442ecb688d074c3b832d1:14","label":"play_card:0:1"}
waiting: waiting 43630b553cd442ecb688d074c3b832d1:15 actions=0
observed: monster 43630b553cd442ecb688d074c3b832d1:17 act 1 floor 2 actions=5
[action 7] legal actions:
  play_card:0:none  Play hand[0] Sword Boomerang
  play_card:1:none  Play hand[1] Defend
  play_card:2:none  Play hand[2] Defend
  play_card:3:1  Play hand[3] Strike targeting Shrinker Beetle (1)
  end_turn  End turn
Jev (typesafe-ai/jev): play_card:3:1  confidence=not returned
  distribution: play_card:3:1=0.59 play_card:0:none=0.21 play_card:1:none=0.13 end_turn=0.06 play_card:2:none=0.01
POST 202 {"status":"dispatched","state_version":"43630b553cd442ecb688d074c3b832d1:17","label":"play_card:3:1"}
waiting: waiting 43630b553cd442ecb688d074c3b832d1:18 actions=0
observed: monster 43630b553cd442ecb688d074c3b832d1:20 act 1 floor 2 actions=4
[action 8] legal actions:
  play_card:0:none  Play hand[0] Sword Boomerang
  play_card:1:none  Play hand[1] Defend
  play_card:2:none  Play hand[2] Defend
  end_turn  End turn
invalid answer, re-asking once: effect/ai/AiError/AiError: JevGateway.evaluate: Invalid output: Question "action" did not select a highest-probability option.
Jev (typesafe-ai/jev): play_card:0:none  confidence=not returned
  distribution: play_card:0:none=0.5 play_card:1:none=0.39 end_turn=0.1 play_card:2:none=0.01
POST 202 {"status":"dispatched","state_version":"43630b553cd442ecb688d074c3b832d1:20","label":"play_card:0:none"}
waiting: waiting 43630b553cd442ecb688d074c3b832d1:21 actions=0
observed: monster 43630b553cd442ecb688d074c3b832d1:23 act 1 floor 2 actions=1
singleton legal set: end_turn  End turn (no inference)
POST 202 {"status":"dispatched","state_version":"43630b553cd442ecb688d074c3b832d1:23","label":"end_turn"}
waiting: waiting 43630b553cd442ecb688d074c3b832d1:24 actions=0
observed: monster 43630b553cd442ecb688d074c3b832d1:26 act 1 floor 2 actions=6
[action 10] legal actions:
  play_card:0:1  Play hand[0] Strike targeting Shrinker Beetle (1)
  play_card:1:1  Play hand[1] Bash targeting Shrinker Beetle (1)
  play_card:2:1  Play hand[2] Pommel Strike targeting Shrinker Beetle (1)
  play_card:3:1  Play hand[3] Strike targeting Shrinker Beetle (1)
  play_card:4:none  Play hand[4] Defend
  end_turn  End turn
Jev (typesafe-ai/jev): play_card:1:1  confidence=not returned
  distribution: play_card:1:1=0.38 play_card:2:1=0.25 play_card:4:none=0.18 play_card:0:1=0.09 end_turn=0.09 play_card:3:1=0.01
POST 202 {"status":"dispatched","state_version":"43630b553cd442ecb688d074c3b832d1:26","label":"play_card:1:1"}
waiting: waiting 43630b553cd442ecb688d074c3b832d1:27 actions=0
observed: monster 43630b553cd442ecb688d074c3b832d1:29 act 1 floor 2 actions=5
[action 11] legal actions:
  play_card:0:1  Play hand[0] Strike targeting Shrinker Beetle (1)
  play_card:1:1  Play hand[1] Pommel Strike targeting Shrinker Beetle (1)
  play_card:2:1  Play hand[2] Strike targeting Shrinker Beetle (1)
  play_card:3:none  Play hand[3] Defend
  end_turn  End turn
Jev (typesafe-ai/jev): play_card:1:1  confidence=not returned
  distribution: play_card:1:1=0.68 play_card:3:none=0.15 play_card:0:1=0.11 end_turn=0.05 play_card:2:1=0.01
POST 202 {"status":"dispatched","state_version":"43630b553cd442ecb688d074c3b832d1:29","label":"play_card:1:1"}
waiting: waiting 43630b553cd442ecb688d074c3b832d1:30 actions=0
observed: monster 43630b553cd442ecb688d074c3b832d1:32 act 1 floor 2 actions=1
singleton legal set: end_turn  End turn (no inference)
POST 202 {"status":"dispatched","state_version":"43630b553cd442ecb688d074c3b832d1:32","label":"end_turn"}
waiting: waiting 43630b553cd442ecb688d074c3b832d1:33 actions=0
observed: monster 43630b553cd442ecb688d074c3b832d1:35 act 1 floor 2 actions=6
[action 13] legal actions:
  play_card:0:none  Play hand[0] Defend
  play_card:1:none  Play hand[1] Feel No Pain
  play_card:2:1  Play hand[2] Strike targeting Shrinker Beetle (1)
  play_card:3:none  Play hand[3] Sword Boomerang
  play_card:4:1  Play hand[4] Strike targeting Shrinker Beetle (1)
  end_turn  End turn
Jev (typesafe-ai/jev): play_card:2:1  confidence=not returned
  distribution: play_card:2:1=0.47 play_card:4:1=0.21 play_card:3:none=0.14 play_card:0:none=0.09 end_turn=0.06 play_card:1:none=0.03
POST 202 {"status":"dispatched","state_version":"43630b553cd442ecb688d074c3b832d1:35","label":"play_card:2:1"}
waiting: waiting 43630b553cd442ecb688d074c3b832d1:36 actions=0
observed: rewards 43630b553cd442ecb688d074c3b832d1:37 act 1 floor 2 actions=4
[action 14] legal actions:
  claim_reward:0  19 Gold
  claim_reward:1  Fire Potion
  claim_reward:2  Add a card to your deck.
  proceed  Leave rewards
Jev (typesafe-ai/jev): proceed  confidence=not returned
  distribution: proceed=0.36 claim_reward:0=0.3 claim_reward:2=0.25 claim_reward:1=0.09
POST 202 {"status":"dispatched","state_version":"43630b553cd442ecb688d074c3b832d1:37","label":"proceed"}
waiting: map 43630b553cd442ecb688d074c3b832d1:38 actions=0
observed: map 43630b553cd442ecb688d074c3b832d1:39 act 1 floor 2 actions=2
[action 15] legal actions:
  choose_map_node:0  Travel to Monster at (0,2)
  choose_map_node:1  Travel to Unknown at (1,2)
Jev (typesafe-ai/jev): choose_map_node:0  confidence=not returned
  distribution: choose_map_node:0=0.75 choose_map_node:1=0.25
POST 202 {"status":"dispatched","state_version":"43630b553cd442ecb688d074c3b832d1:39","label":"choose_map_node:0"}
waiting: waiting 43630b553cd442ecb688d074c3b832d1:40 actions=0
waiting: monster 43630b553cd442ecb688d074c3b832d1:42 actions=0
waiting: monster 43630b553cd442ecb688d074c3b832d1:43 actions=0
waiting: monster 43630b553cd442ecb688d074c3b832d1:44 actions=0
waiting: monster 43630b553cd442ecb688d074c3b832d1:45 actions=0
observed: monster 43630b553cd442ecb688d074c3b832d1:46 act 1 floor 3 actions=6
[action 16] legal actions:
  play_card:0:1  Play hand[0] Strike targeting Fuzzy Wurm Crawler (1)
  play_card:1:1  Play hand[1] Strike targeting Fuzzy Wurm Crawler (1)
  play_card:2:1  Play hand[2] Strike targeting Fuzzy Wurm Crawler (1)
  play_card:3:none  Play hand[3] Feel No Pain
  play_card:4:none  Play hand[4] Defend
  end_turn  End turn
Jev (typesafe-ai/jev): play_card:0:1  confidence=not returned
  distribution: play_card:0:1=0.47000000000000003 play_card:4:none=0.3 end_turn=0.11 play_card:3:none=0.08 play_card:1:1=0.02 play_card:2:1=0.02
POST 202 {"status":"dispatched","state_version":"43630b553cd442ecb688d074c3b832d1:46","label":"play_card:0:1"}
waiting: waiting 43630b553cd442ecb688d074c3b832d1:47 actions=0
observed: monster 43630b553cd442ecb688d074c3b832d1:49 act 1 floor 3 actions=5
[action 17] legal actions:
  play_card:0:1  Play hand[0] Strike targeting Fuzzy Wurm Crawler (1)
  play_card:1:1  Play hand[1] Strike targeting Fuzzy Wurm Crawler (1)
  play_card:2:none  Play hand[2] Feel No Pain
  play_card:3:none  Play hand[3] Defend
  end_turn  End turn
Jev (typesafe-ai/jev): play_card:0:1  confidence=not returned
  distribution: play_card:0:1=0.59 play_card:3:none=0.21 play_card:2:none=0.08 end_turn=0.08 play_card:1:1=0.04
POST 202 {"status":"dispatched","state_version":"43630b553cd442ecb688d074c3b832d1:49","label":"play_card:0:1"}
waiting: waiting 43630b553cd442ecb688d074c3b832d1:50 actions=0
observed: monster 43630b553cd442ecb688d074c3b832d1:52 act 1 floor 3 actions=4
[action 18] legal actions:
  play_card:0:1  Play hand[0] Strike targeting Fuzzy Wurm Crawler (1)
  play_card:1:none  Play hand[1] Feel No Pain
  play_card:2:none  Play hand[2] Defend
  end_turn  End turn
Jev (typesafe-ai/jev): play_card:0:1  confidence=not returned
  distribution: play_card:0:1=0.67 play_card:2:none=0.17 end_turn=0.12 play_card:1:none=0.04
POST 202 {"status":"dispatched","state_version":"43630b553cd442ecb688d074c3b832d1:52","label":"play_card:0:1"}
waiting: waiting 43630b553cd442ecb688d074c3b832d1:53 actions=0
observed: monster 43630b553cd442ecb688d074c3b832d1:55 act 1 floor 3 actions=1
singleton legal set: end_turn  End turn (no inference)
POST 202 {"status":"dispatched","state_version":"43630b553cd442ecb688d074c3b832d1:55","label":"end_turn"}
waiting: waiting 43630b553cd442ecb688d074c3b832d1:56 actions=0
observed: monster 43630b553cd442ecb688d074c3b832d1:58 act 1 floor 3 actions=6
[action 20] legal actions:
  play_card:0:1  Play hand[0] Pommel Strike targeting Fuzzy Wurm Crawler (1)
  play_card:1:none  Play hand[1] Sword Boomerang
  play_card:2:1  Play hand[2] Bash targeting Fuzzy Wurm Crawler (1)
  play_card:3:none  Play hand[3] Defend
  play_card:4:1  Play hand[4] Strike targeting Fuzzy Wurm Crawler (1)
  end_turn  End turn
Jev (typesafe-ai/jev): play_card:2:1  confidence=not returned
  distribution: play_card:2:1=0.39 play_card:0:1=0.39 play_card:3:none=0.09 end_turn=0.06 play_card:1:none=0.04 play_card:4:1=0.03
POST 202 {"status":"dispatched","state_version":"43630b553cd442ecb688d074c3b832d1:58","label":"play_card:2:1"}
waiting: waiting 43630b553cd442ecb688d074c3b832d1:59 actions=0
observed: monster 43630b553cd442ecb688d074c3b832d1:61 act 1 floor 3 actions=5
[action 21] legal actions:
  play_card:0:1  Play hand[0] Pommel Strike targeting Fuzzy Wurm Crawler (1)
  play_card:1:none  Play hand[1] Sword Boomerang
  play_card:2:none  Play hand[2] Defend
  play_card:3:1  Play hand[3] Strike targeting Fuzzy Wurm Crawler (1)
  end_turn  End turn
Jev (typesafe-ai/jev): play_card:0:1  confidence=not returned
  distribution: play_card:0:1=0.8 play_card:3:1=0.13 play_card:2:none=0.04 end_turn=0.02 play_card:1:none=0.01
POST 202 {"status":"dispatched","state_version":"43630b553cd442ecb688d074c3b832d1:61","label":"play_card:0:1"}
waiting: waiting 43630b553cd442ecb688d074c3b832d1:62 actions=0
observed: monster 43630b553cd442ecb688d074c3b832d1:64 act 1 floor 3 actions=1
singleton legal set: end_turn  End turn (no inference)
POST 202 {"status":"dispatched","state_version":"43630b553cd442ecb688d074c3b832d1:64","label":"end_turn"}
waiting: waiting 43630b553cd442ecb688d074c3b832d1:65 actions=0
observed: monster 43630b553cd442ecb688d074c3b832d1:67 act 1 floor 3 actions=6
[action 23] legal actions:
  play_card:0:none  Play hand[0] Defend
  play_card:1:none  Play hand[1] Defend
  play_card:2:1  Play hand[2] Strike targeting Fuzzy Wurm Crawler (1)
  play_card:3:none  Play hand[3] Defend
  play_card:4:1  Play hand[4] Strike targeting Fuzzy Wurm Crawler (1)
  end_turn  End turn
Jev (typesafe-ai/jev): play_card:2:1  confidence=not returned
  distribution: play_card:2:1=0.65 play_card:4:1=0.26 play_card:0:none=0.04 end_turn=0.03 play_card:3:none=0.01 play_card:1:none=0.01
POST 202 {"status":"dispatched","state_version":"43630b553cd442ecb688d074c3b832d1:67","label":"play_card:2:1"}
waiting: waiting 43630b553cd442ecb688d074c3b832d1:68 actions=0
observed: monster 43630b553cd442ecb688d074c3b832d1:70 act 1 floor 3 actions=5
[action 24] legal actions:
  play_card:0:none  Play hand[0] Defend
  play_card:1:none  Play hand[1] Defend
  play_card:2:none  Play hand[2] Defend
  play_card:3:1  Play hand[3] Strike targeting Fuzzy Wurm Crawler (1)
  end_turn  End turn
Jev (typesafe-ai/jev): play_card:3:1  confidence=not returned
  distribution: play_card:3:1=0.87 play_card:0:none=0.06 end_turn=0.05 play_card:1:none=0.01 play_card:2:none=0.01
POST 202 {"status":"dispatched","state_version":"43630b553cd442ecb688d074c3b832d1:70","label":"play_card:3:1"}
waiting: waiting 43630b553cd442ecb688d074c3b832d1:71 actions=0
observed: rewards 43630b553cd442ecb688d074c3b832d1:72 act 1 floor 3 actions=3
[action 25] legal actions:
  claim_reward:0  15 Gold
  claim_reward:1  Add a card to your deck.
  proceed  Leave rewards
Jev (typesafe-ai/jev): proceed  confidence=not returned
  distribution: proceed=0.36 claim_reward:0=0.35 claim_reward:1=0.29
POST 202 {"status":"dispatched","state_version":"43630b553cd442ecb688d074c3b832d1:72","label":"proceed"}
waiting: map 43630b553cd442ecb688d074c3b832d1:73 actions=0
observed: map 43630b553cd442ecb688d074c3b832d1:74 act 1 floor 3 actions=1
singleton legal set: choose_map_node:0  Travel to Unknown at (0,3) (no inference)
POST 202 {"status":"dispatched","state_version":"43630b553cd442ecb688d074c3b832d1:74","label":"choose_map_node:0"}
waiting: waiting 43630b553cd442ecb688d074c3b832d1:75 actions=0
observed: event 43630b553cd442ecb688d074c3b832d1:77 act 1 floor 4 actions=2
[action 27] legal actions:
  choose_event_option:0  This: Lose 6 HP. Gain 63 Gold.
  choose_event_option:1  That: Add Clumsy to your Deck. Obtain a random Relic.
Jev (typesafe-ai/jev): choose_event_option:0  confidence=not returned
  distribution: choose_event_option:0=0.77 choose_event_option:1=0.23
POST 202 {"status":"dispatched","state_version":"43630b553cd442ecb688d074c3b832d1:77","label":"choose_event_option:0"}
waiting: waiting 43630b553cd442ecb688d074c3b832d1:78 actions=0
observed: event 43630b553cd442ecb688d074c3b832d1:80 act 1 floor 4 actions=1
singleton legal set: choose_event_option:0  Proceed:  (no inference)
POST 202 {"status":"dispatched","state_version":"43630b553cd442ecb688d074c3b832d1:80","label":"choose_event_option:0"}
waiting: map 43630b553cd442ecb688d074c3b832d1:82 actions=0
observed: map 43630b553cd442ecb688d074c3b832d1:83 act 1 floor 4 actions=1
singleton legal set: choose_map_node:0  Travel to Unknown at (0,4) (no inference)
POST 202 {"status":"dispatched","state_version":"43630b553cd442ecb688d074c3b832d1:83","label":"choose_map_node:0"}
waiting: waiting 43630b553cd442ecb688d074c3b832d1:84 actions=0
waiting: monster 43630b553cd442ecb688d074c3b832d1:86 actions=0
waiting: monster 43630b553cd442ecb688d074c3b832d1:87 actions=0
waiting: monster 43630b553cd442ecb688d074c3b832d1:88 actions=0
waiting: monster 43630b553cd442ecb688d074c3b832d1:89 actions=0
observed: monster 43630b553cd442ecb688d074c3b832d1:90 act 1 floor 5 actions=12
[action 30] legal actions:
  play_card:0:1  Play hand[0] Strike targeting Leaf Slime (S) (1)
  play_card:0:2  Play hand[0] Strike targeting Leaf Slime (M) (2)
  play_card:0:3  Play hand[0] Strike targeting Twig Slime (S) (3)
  play_card:1:none  Play hand[1] Sword Boomerang
  play_card:2:1  Play hand[2] Strike targeting Leaf Slime (S) (1)
  play_card:2:2  Play hand[2] Strike targeting Leaf Slime (M) (2)
  play_card:2:3  Play hand[2] Strike targeting Twig Slime (S) (3)
  play_card:3:1  Play hand[3] Bash targeting Leaf Slime (S) (1)
  play_card:3:2  Play hand[3] Bash targeting Leaf Slime (M) (2)
  play_card:3:3  Play hand[3] Bash targeting Twig Slime (S) (3)
  play_card:4:none  Play hand[4] Defend
  end_turn  End turn
Jev (typesafe-ai/jev): play_card:0:1  confidence=not returned
  distribution: play_card:0:1=0.24000000000000002 play_card:1:none=0.16 play_card:4:none=0.12 play_card:0:3=0.11 end_turn=0.09 play_card:3:2=0.08 play_card:3:3=0.07 play_card:3:1=0.05 play_card:0:2=0.04 play_card:2:3=0.02 play_card:2:1=0.01 play_card:2:2=0.01
POST 202 {"status":"dispatched","state_version":"43630b553cd442ecb688d074c3b832d1:90","label":"play_card:0:1"}
waiting: waiting 43630b553cd442ecb688d074c3b832d1:91 actions=0
observed: monster 43630b553cd442ecb688d074c3b832d1:93 act 1 floor 5 actions=9
[action 31] legal actions:
  play_card:0:none  Play hand[0] Sword Boomerang
  play_card:1:1  Play hand[1] Strike targeting Leaf Slime (S) (1)
  play_card:1:2  Play hand[1] Strike targeting Leaf Slime (M) (2)
  play_card:1:3  Play hand[1] Strike targeting Twig Slime (S) (3)
  play_card:2:1  Play hand[2] Bash targeting Leaf Slime (S) (1)
  play_card:2:2  Play hand[2] Bash targeting Leaf Slime (M) (2)
  play_card:2:3  Play hand[2] Bash targeting Twig Slime (S) (3)
  play_card:3:none  Play hand[3] Defend
  end_turn  End turn
Jev (typesafe-ai/jev): play_card:2:2  confidence=not returned
  distribution: play_card:2:2=0.22999999999999998 play_card:0:none=0.16 play_card:2:3=0.13 play_card:1:3=0.12 play_card:3:none=0.1 end_turn=0.08 play_card:2:1=0.08 play_card:1:2=0.05 play_card:1:1=0.05
POST 202 {"status":"dispatched","state_version":"43630b553cd442ecb688d074c3b832d1:93","label":"play_card:2:2"}
waiting: waiting 43630b553cd442ecb688d074c3b832d1:94 actions=0
observed: monster 43630b553cd442ecb688d074c3b832d1:96 act 1 floor 5 actions=1
singleton legal set: end_turn  End turn (no inference)
POST 202 {"status":"dispatched","state_version":"43630b553cd442ecb688d074c3b832d1:96","label":"end_turn"}
waiting: waiting 43630b553cd442ecb688d074c3b832d1:97 actions=0
observed: monster 43630b553cd442ecb688d074c3b832d1:99 act 1 floor 5 actions=10
[action 33] legal actions:
  play_card:0:1  Play hand[0] Strike targeting Leaf Slime (S) (1)
  play_card:0:2  Play hand[0] Strike targeting Leaf Slime (M) (2)
  play_card:0:3  Play hand[0] Strike targeting Twig Slime (S) (3)
  play_card:1:none  Play hand[1] Defend
  play_card:2:none  Play hand[2] Defend
  play_card:3:none  Play hand[3] Feel No Pain
  play_card:4:1  Play hand[4] Strike targeting Leaf Slime (S) (1)
  play_card:4:2  Play hand[4] Strike targeting Leaf Slime (M) (2)
  play_card:4:3  Play hand[4] Strike targeting Twig Slime (S) (3)
  end_turn  End turn
Jev (typesafe-ai/jev): play_card:0:2  confidence=not returned
  distribution: play_card:0:2=0.46 play_card:0:1=0.14 play_card:4:2=0.12 play_card:1:none=0.08 end_turn=0.07 play_card:3:none=0.04 play_card:0:3=0.03 play_card:4:1=0.02 play_card:2:none=0.02 play_card:4:3=0.02
POST 202 {"status":"dispatched","state_version":"43630b553cd442ecb688d074c3b832d1:99","label":"play_card:0:2"}
waiting: waiting 43630b553cd442ecb688d074c3b832d1:100 actions=0
observed: monster 43630b553cd442ecb688d074c3b832d1:102 act 1 floor 5 actions=7
[action 34] legal actions:
  play_card:0:none  Play hand[0] Defend
  play_card:1:none  Play hand[1] Defend
  play_card:2:none  Play hand[2] Feel No Pain
  play_card:3:1  Play hand[3] Strike targeting Leaf Slime (S) (1)
  play_card:3:2  Play hand[3] Strike targeting Leaf Slime (M) (2)
  play_card:3:3  Play hand[3] Strike targeting Twig Slime (S) (3)
  end_turn  End turn
Jev (typesafe-ai/jev): play_card:3:2  confidence=not returned
  distribution: play_card:3:2=0.45 play_card:3:1=0.21 play_card:0:none=0.12 play_card:3:3=0.11 end_turn=0.05 play_card:2:none=0.03 play_card:1:none=0.03
POST 202 {"status":"dispatched","state_version":"43630b553cd442ecb688d074c3b832d1:102","label":"play_card:3:2"}
waiting: waiting 43630b553cd442ecb688d074c3b832d1:103 actions=0
observed: monster 43630b553cd442ecb688d074c3b832d1:105 act 1 floor 5 actions=4
[action 35] legal actions:
  play_card:0:none  Play hand[0] Defend
  play_card:1:none  Play hand[1] Defend
  play_card:2:none  Play hand[2] Feel No Pain
  end_turn  End turn
Jev (typesafe-ai/jev): play_card:0:none  confidence=not returned
  distribution: play_card:0:none=0.62 end_turn=0.26 play_card:2:none=0.08 play_card:1:none=0.04
POST 202 {"status":"dispatched","state_version":"43630b553cd442ecb688d074c3b832d1:105","label":"play_card:0:none"}
waiting: waiting 43630b553cd442ecb688d074c3b832d1:106 actions=0
observed: monster 43630b553cd442ecb688d074c3b832d1:108 act 1 floor 5 actions=1
singleton legal set: end_turn  End turn (no inference)
POST 202 {"status":"dispatched","state_version":"43630b553cd442ecb688d074c3b832d1:108","label":"end_turn"}
waiting: waiting 43630b553cd442ecb688d074c3b832d1:109 actions=0
observed: monster 43630b553cd442ecb688d074c3b832d1:111 act 1 floor 5 actions=12
[action 37] legal actions:
  play_card:0:1  Play hand[0] Strike targeting Leaf Slime (S) (1)
  play_card:0:2  Play hand[0] Strike targeting Leaf Slime (M) (2)
  play_card:0:3  Play hand[0] Strike targeting Twig Slime (S) (3)
  play_card:1:1  Play hand[1] Pommel Strike targeting Leaf Slime (S) (1)
  play_card:1:2  Play hand[1] Pommel Strike targeting Leaf Slime (M) (2)
  play_card:1:3  Play hand[1] Pommel Strike targeting Twig Slime (S) (3)
  play_card:2:none  Play hand[2] Defend
  play_card:3:none  Play hand[3] Defend
  play_card:4:1  Play hand[4] Strike targeting Leaf Slime (S) (1)
  play_card:4:2  Play hand[4] Strike targeting Leaf Slime (M) (2)
  play_card:4:3  Play hand[4] Strike targeting Twig Slime (S) (3)
  end_turn  End turn
Jev (typesafe-ai/jev): play_card:1:3  confidence=not returned
  distribution: play_card:1:3=0.24 play_card:1:2=0.19 play_card:1:1=0.18 play_card:2:none=0.09 play_card:0:3=0.08 end_turn=0.07 play_card:0:1=0.06 play_card:0:2=0.03 play_card:4:3=0.02 play_card:3:none=0.02 play_card:4:2=0.01 play_card:4:1=0.01
POST 202 {"status":"dispatched","state_version":"43630b553cd442ecb688d074c3b832d1:111","label":"play_card:1:3"}
waiting: waiting 43630b553cd442ecb688d074c3b832d1:112 actions=0
observed: monster 43630b553cd442ecb688d074c3b832d1:114 act 1 floor 5 actions=10
[action 38] legal actions:
  play_card:0:1  Play hand[0] Strike targeting Leaf Slime (S) (1)
  play_card:0:2  Play hand[0] Strike targeting Leaf Slime (M) (2)
  play_card:0:3  Play hand[0] Strike targeting Twig Slime (S) (3)
  play_card:1:none  Play hand[1] Defend
  play_card:2:none  Play hand[2] Defend
  play_card:3:1  Play hand[3] Strike targeting Leaf Slime (S) (1)
  play_card:3:2  Play hand[3] Strike targeting Leaf Slime (M) (2)
  play_card:3:3  Play hand[3] Strike targeting Twig Slime (S) (3)
  play_card:4:none  Play hand[4] Defend
  end_turn  End turn
Jev (typesafe-ai/jev): play_card:0:3  confidence=not returned
  distribution: play_card:0:3=0.56 play_card:0:1=0.12 play_card:1:none=0.1 play_card:3:3=0.09 end_turn=0.07 play_card:0:2=0.02 play_card:2:none=0.01 play_card:3:2=0.01 play_card:4:none=0.01 play_card:3:1=0.01
POST 202 {"status":"dispatched","state_version":"43630b553cd442ecb688d074c3b832d1:114","label":"play_card:0:3"}
waiting: waiting 43630b553cd442ecb688d074c3b832d1:115 actions=0
observed: monster 43630b553cd442ecb688d074c3b832d1:117 act 1 floor 5 actions=6
[action 39] legal actions:
  play_card:0:none  Play hand[0] Defend
  play_card:1:none  Play hand[1] Defend
  play_card:2:1  Play hand[2] Strike targeting Leaf Slime (S) (1)
  play_card:2:2  Play hand[2] Strike targeting Leaf Slime (M) (2)
  play_card:3:none  Play hand[3] Defend
  end_turn  End turn
Jev (typesafe-ai/jev): play_card:2:1  confidence=not returned
  distribution: play_card:2:1=0.56 play_card:2:2=0.2 play_card:0:none=0.12 end_turn=0.11 play_card:3:none=0.01 play_card:1:none=0
POST 202 {"status":"dispatched","state_version":"43630b553cd442ecb688d074c3b832d1:117","label":"play_card:2:1"}
waiting: waiting 43630b553cd442ecb688d074c3b832d1:118 actions=0
observed: monster 43630b553cd442ecb688d074c3b832d1:120 act 1 floor 5 actions=1
singleton legal set: end_turn  End turn (no inference)
POST 202 {"status":"dispatched","state_version":"43630b553cd442ecb688d074c3b832d1:120","label":"end_turn"}
waiting: waiting 43630b553cd442ecb688d074c3b832d1:121 actions=0
observed: monster 43630b553cd442ecb688d074c3b832d1:123 act 1 floor 5 actions=6
[action 41] legal actions:
  play_card:0:2  Play hand[0] Strike targeting Leaf Slime (M) (2)
  play_card:1:none  Play hand[1] Slimed
  play_card:2:none  Play hand[2] Slimed
  play_card:3:none  Play hand[3] Defend
  play_card:4:2  Play hand[4] Strike targeting Leaf Slime (M) (2)
  end_turn  End turn
Jev (typesafe-ai/jev): play_card:3:none  confidence=not returned
  distribution: play_card:3:none=0.38 play_card:0:2=0.37 play_card:4:2=0.1 end_turn=0.08 play_card:1:none=0.06 play_card:2:none=0.01
POST 202 {"status":"dispatched","state_version":"43630b553cd442ecb688d074c3b832d1:123","label":"play_card:3:none"}
waiting: waiting 43630b553cd442ecb688d074c3b832d1:124 actions=0
observed: monster 43630b553cd442ecb688d074c3b832d1:126 act 1 floor 5 actions=5
[action 42] legal actions:
  play_card:0:2  Play hand[0] Strike targeting Leaf Slime (M) (2)
  play_card:1:none  Play hand[1] Slimed
  play_card:2:none  Play hand[2] Slimed
  play_card:3:2  Play hand[3] Strike targeting Leaf Slime (M) (2)
  end_turn  End turn
Jev (typesafe-ai/jev): play_card:0:2  confidence=not returned
  distribution: play_card:0:2=0.54 play_card:3:2=0.17 end_turn=0.16 play_card:1:none=0.11 play_card:2:none=0.02
POST 202 {"status":"dispatched","state_version":"43630b553cd442ecb688d074c3b832d1:126","label":"play_card:0:2"}
waiting: waiting 43630b553cd442ecb688d074c3b832d1:127 actions=0
observed: monster 43630b553cd442ecb688d074c3b832d1:129 act 1 floor 5 actions=4
[action 43] legal actions:
  play_card:0:none  Play hand[0] Slimed
  play_card:1:none  Play hand[1] Slimed
  play_card:2:2  Play hand[2] Strike targeting Leaf Slime (M) (2)
  end_turn  End turn
Jev (typesafe-ai/jev): play_card:2:2  confidence=not returned
  distribution: play_card:2:2=0.79 play_card:0:none=0.11 end_turn=0.09 play_card:1:none=0.01
POST 202 {"status":"dispatched","state_version":"43630b553cd442ecb688d074c3b832d1:129","label":"play_card:2:2"}
waiting: waiting 43630b553cd442ecb688d074c3b832d1:130 actions=0
observed: rewards 43630b553cd442ecb688d074c3b832d1:131 act 1 floor 5 actions=3
[action 44] legal actions:
  claim_reward:0  16 Gold
  claim_reward:1  Add a card to your deck.
  proceed  Leave rewards
Jev (typesafe-ai/jev): proceed  confidence=not returned
  distribution: proceed=0.35 claim_reward:1=0.34 claim_reward:0=0.31
POST 202 {"status":"dispatched","state_version":"43630b553cd442ecb688d074c3b832d1:131","label":"proceed"}
waiting: map 43630b553cd442ecb688d074c3b832d1:132 actions=0
observed: map 43630b553cd442ecb688d074c3b832d1:133 act 1 floor 5 actions=1
singleton legal set: choose_map_node:0  Travel to Monster at (0,5) (no inference)
POST 202 {"status":"dispatched","state_version":"43630b553cd442ecb688d074c3b832d1:133","label":"choose_map_node:0"}
waiting: waiting 43630b553cd442ecb688d074c3b832d1:134 actions=0
waiting: monster 43630b553cd442ecb688d074c3b832d1:136 actions=0
waiting: monster 43630b553cd442ecb688d074c3b832d1:137 actions=0
waiting: monster 43630b553cd442ecb688d074c3b832d1:138 actions=0
waiting: monster 43630b553cd442ecb688d074c3b832d1:139 actions=0
observed: monster 43630b553cd442ecb688d074c3b832d1:140 act 1 floor 6 actions=6
[action 46] legal actions:
  play_card:0:none  Play hand[0] Defend
  play_card:1:none  Play hand[1] Defend
  play_card:2:none  Play hand[2] Defend
  play_card:3:1  Play hand[3] Bash targeting Mawler (1)
  play_card:4:1  Play hand[4] Strike targeting Mawler (1)
  end_turn  End turn
Jev (typesafe-ai/jev): play_card:3:1  confidence=not returned
  distribution: play_card:3:1=0.6 play_card:0:none=0.18000000000000002 play_card:4:1=0.13 end_turn=0.07 play_card:1:none=0.01 play_card:2:none=0.01
POST 202 {"status":"dispatched","state_version":"43630b553cd442ecb688d074c3b832d1:140","label":"play_card:3:1"}
waiting: waiting 43630b553cd442ecb688d074c3b832d1:141 actions=0
observed: monster 43630b553cd442ecb688d074c3b832d1:143 act 1 floor 6 actions=5
[action 47] legal actions:
  play_card:0:none  Play hand[0] Defend
  play_card:1:none  Play hand[1] Defend
  play_card:2:none  Play hand[2] Defend
  play_card:3:1  Play hand[3] Strike targeting Mawler (1)
  end_turn  End turn
Jev (typesafe-ai/jev): play_card:3:1  confidence=not returned
  distribution: play_card:3:1=0.75 play_card:0:none=0.15 end_turn=0.09 play_card:2:none=0.01 play_card:1:none=0
POST 202 {"status":"dispatched","state_version":"43630b553cd442ecb688d074c3b832d1:143","label":"play_card:3:1"}
waiting: waiting 43630b553cd442ecb688d074c3b832d1:144 actions=0
observed: monster 43630b553cd442ecb688d074c3b832d1:146 act 1 floor 6 actions=1
singleton legal set: end_turn  End turn (no inference)
POST 202 {"status":"dispatched","state_version":"43630b553cd442ecb688d074c3b832d1:146","label":"end_turn"}
waiting: waiting 43630b553cd442ecb688d074c3b832d1:147 actions=0
observed: monster 43630b553cd442ecb688d074c3b832d1:149 act 1 floor 6 actions=6
[action 49] legal actions:
  play_card:0:none  Play hand[0] Feel No Pain
  play_card:1:1  Play hand[1] Strike targeting Mawler (1)
  play_card:2:1  Play hand[2] Strike targeting Mawler (1)
  play_card:3:none  Play hand[3] Defend
  play_card:4:1  Play hand[4] Pommel Strike targeting Mawler (1)
  end_turn  End turn
Jev (typesafe-ai/jev): play_card:4:1  confidence=not returned
  distribution: play_card:4:1=0.71 play_card:1:1=0.1 play_card:0:none=0.07 end_turn=0.06 play_card:3:none=0.05 play_card:2:1=0.01
POST 202 {"status":"dispatched","state_version":"43630b553cd442ecb688d074c3b832d1:149","label":"play_card:4:1"}
waiting: waiting 43630b553cd442ecb688d074c3b832d1:150 actions=0
observed: monster 43630b553cd442ecb688d074c3b832d1:152 act 1 floor 6 actions=6
[action 50] legal actions:
  play_card:0:none  Play hand[0] Feel No Pain
  play_card:1:1  Play hand[1] Strike targeting Mawler (1)
  play_card:2:1  Play hand[2] Strike targeting Mawler (1)
  play_card:3:none  Play hand[3] Defend
  play_card:4:1  Play hand[4] Strike targeting Mawler (1)
  end_turn  End turn
Jev (typesafe-ai/jev): play_card:1:1  confidence=not returned
  distribution: play_card:1:1=0.56 play_card:3:none=0.14 play_card:0:none=0.11 play_card:4:1=0.07 end_turn=0.06 play_card:2:1=0.06
POST 202 {"status":"dispatched","state_version":"43630b553cd442ecb688d074c3b832d1:152","label":"play_card:1:1"}
waiting: waiting 43630b553cd442ecb688d074c3b832d1:153 actions=0
observed: monster 43630b553cd442ecb688d074c3b832d1:155 act 1 floor 6 actions=5
[action 51] legal actions:
  play_card:0:none  Play hand[0] Feel No Pain
  play_card:1:1  Play hand[1] Strike targeting Mawler (1)
  play_card:2:none  Play hand[2] Defend
  play_card:3:1  Play hand[3] Strike targeting Mawler (1)
  end_turn  End turn
Jev (typesafe-ai/jev): play_card:1:1  confidence=not returned
  distribution: play_card:1:1=0.62 play_card:3:1=0.17 play_card:2:none=0.09 play_card:0:none=0.08 end_turn=0.04
POST 202 {"status":"dispatched","state_version":"43630b553cd442ecb688d074c3b832d1:155","label":"play_card:1:1"}
waiting: waiting 43630b553cd442ecb688d074c3b832d1:156 actions=0
observed: monster 43630b553cd442ecb688d074c3b832d1:158 act 1 floor 6 actions=1
singleton legal set: end_turn  End turn (no inference)
POST 202 {"status":"dispatched","state_version":"43630b553cd442ecb688d074c3b832d1:158","label":"end_turn"}
waiting: waiting 43630b553cd442ecb688d074c3b832d1:159 actions=0
observed: monster 43630b553cd442ecb688d074c3b832d1:161 act 1 floor 6 actions=6
[action 53] legal actions:
  play_card:0:none  Play hand[0] Sword Boomerang
  play_card:1:1  Play hand[1] Strike targeting Mawler (1)
  play_card:2:1  Play hand[2] Strike targeting Mawler (1)
  play_card:3:none  Play hand[3] Defend
  play_card:4:1  Play hand[4] Pommel Strike targeting Mawler (1)
  end_turn  End turn
Jev (typesafe-ai/jev): play_card:4:1  confidence=not returned
  distribution: play_card:4:1=0.56 play_card:3:none=0.13 play_card:1:1=0.12 play_card:0:none=0.09 end_turn=0.09 play_card:2:1=0.01
POST 202 {"status":"dispatched","state_version":"43630b553cd442ecb688d074c3b832d1:161","label":"play_card:4:1"}
waiting: waiting 43630b553cd442ecb688d074c3b832d1:162 actions=0
observed: monster 43630b553cd442ecb688d074c3b832d1:164 act 1 floor 6 actions=6
[action 54] legal actions:
  play_card:0:none  Play hand[0] Sword Boomerang
  play_card:1:1  Play hand[1] Strike targeting Mawler (1)
  play_card:2:1  Play hand[2] Strike targeting Mawler (1)
  play_card:3:none  Play hand[3] Defend
  play_card:4:none  Play hand[4] Feel No Pain
  end_turn  End turn
Jev (typesafe-ai/jev): play_card:1:1  confidence=not returned
  distribution: play_card:1:1=0.41 play_card:0:none=0.21 play_card:3:none=0.17 end_turn=0.09 play_card:4:none=0.07 play_card:2:1=0.05
POST 202 {"status":"dispatched","state_version":"43630b553cd442ecb688d074c3b832d1:164","label":"play_card:1:1"}
waiting: waiting 43630b553cd442ecb688d074c3b832d1:165 actions=0
observed: monster 43630b553cd442ecb688d074c3b832d1:167 act 1 floor 6 actions=5
[action 55] legal actions:
  play_card:0:none  Play hand[0] Sword Boomerang
  play_card:1:1  Play hand[1] Strike targeting Mawler (1)
  play_card:2:none  Play hand[2] Defend
  play_card:3:none  Play hand[3] Feel No Pain
  end_turn  End turn
Jev (typesafe-ai/jev): play_card:1:1  confidence=not returned
  distribution: play_card:1:1=0.45 play_card:2:none=0.28 play_card:0:none=0.16 end_turn=0.07 play_card:3:none=0.04
POST 202 {"status":"dispatched","state_version":"43630b553cd442ecb688d074c3b832d1:167","label":"play_card:1:1"}
waiting: waiting 43630b553cd442ecb688d074c3b832d1:168 actions=0
observed: monster 43630b553cd442ecb688d074c3b832d1:170 act 1 floor 6 actions=1
singleton legal set: end_turn  End turn (no inference)
POST 202 {"status":"dispatched","state_version":"43630b553cd442ecb688d074c3b832d1:170","label":"end_turn"}
waiting: waiting 43630b553cd442ecb688d074c3b832d1:171 actions=0
observed: monster 43630b553cd442ecb688d074c3b832d1:173 act 1 floor 6 actions=6
[action 57] legal actions:
  play_card:0:1  Play hand[0] Strike targeting Mawler (1)
  play_card:1:1  Play hand[1] Bash targeting Mawler (1)
  play_card:2:none  Play hand[2] Defend
  play_card:3:1  Play hand[3] Strike targeting Mawler (1)
  play_card:4:none  Play hand[4] Defend
  end_turn  End turn
Jev (typesafe-ai/jev): play_card:1:1  confidence=not returned
  distribution: play_card:1:1=0.42 play_card:2:none=0.36 play_card:0:1=0.08 end_turn=0.07 play_card:4:none=0.05 play_card:3:1=0.02
POST 202 {"status":"dispatched","state_version":"43630b553cd442ecb688d074c3b832d1:173","label":"play_card:1:1"}
waiting: waiting 43630b553cd442ecb688d074c3b832d1:174 actions=0
observed: rewards 43630b553cd442ecb688d074c3b832d1:175 act 1 floor 6 actions=4
[action 58] legal actions:
  claim_reward:0  14 Gold
  claim_reward:1  Strength Potion
  claim_reward:2  Add a card to your deck.
  proceed  Leave rewards
Jev (typesafe-ai/jev): proceed  confidence=not returned
  distribution: proceed=0.38 claim_reward:0=0.29 claim_reward:2=0.21 claim_reward:1=0.12
POST 202 {"status":"dispatched","state_version":"43630b553cd442ecb688d074c3b832d1:175","label":"proceed"}
waiting: map 43630b553cd442ecb688d074c3b832d1:176 actions=0
observed: map 43630b553cd442ecb688d074c3b832d1:177 act 1 floor 6 actions=1
singleton legal set: choose_map_node:0  Travel to Shop at (0,6) (no inference)
POST 202 {"status":"dispatched","state_version":"43630b553cd442ecb688d074c3b832d1:177","label":"choose_map_node:0"}
waiting: waiting 43630b553cd442ecb688d074c3b832d1:178 actions=0
observed: shop 43630b553cd442ecb688d074c3b832d1:180 act 1 floor 7 actions=2
[action 60] legal actions:
  open_shop  Open merchant inventory
  proceed  Leave room
Jev (typesafe-ai/jev): proceed  confidence=not returned
  distribution: proceed=0.64 open_shop=0.36
POST 202 {"status":"dispatched","state_version":"43630b553cd442ecb688d074c3b832d1:180","label":"proceed"}
waiting: map 43630b553cd442ecb688d074c3b832d1:182 actions=0
observed: map 43630b553cd442ecb688d074c3b832d1:183 act 1 floor 7 actions=2
[action 61] legal actions:
  choose_map_node:0  Travel to Monster at (0,7)
  choose_map_node:1  Travel to RestSite at (1,7)
Jev (typesafe-ai/jev): choose_map_node:1  confidence=not returned
  distribution: choose_map_node:1=0.81 choose_map_node:0=0.19
POST 202 {"status":"dispatched","state_version":"43630b553cd442ecb688d074c3b832d1:183","label":"choose_map_node:1"}
waiting: waiting 43630b553cd442ecb688d074c3b832d1:184 actions=0
waiting: rest_site 43630b553cd442ecb688d074c3b832d1:186 actions=0
observed: rest_site 43630b553cd442ecb688d074c3b832d1:187 act 1 floor 8 actions=2
[action 62] legal actions:
  choose_rest_option:0  Rest: Heal for 30% of your Max HP (24).
  choose_rest_option:1  Smith: Upgrade a card in your Deck.
Jev (typesafe-ai/jev): choose_rest_option:0  confidence=not returned
  distribution: choose_rest_option:0=0.78 choose_rest_option:1=0.22
POST 202 {"status":"dispatched","state_version":"43630b553cd442ecb688d074c3b832d1:187","label":"choose_rest_option:0"}
waiting: waiting 43630b553cd442ecb688d074c3b832d1:188 actions=0
observed: rest_site 43630b553cd442ecb688d074c3b832d1:190 act 1 floor 8 actions=1
singleton legal set: proceed  Leave room (no inference)
POST 202 {"status":"dispatched","state_version":"43630b553cd442ecb688d074c3b832d1:190","label":"proceed"}
waiting: map 43630b553cd442ecb688d074c3b832d1:192 actions=0
observed: map 43630b553cd442ecb688d074c3b832d1:193 act 1 floor 8 actions=1
singleton legal set: choose_map_node:0  Travel to Monster at (1,8) (no inference)
POST 202 {"status":"dispatched","state_version":"43630b553cd442ecb688d074c3b832d1:193","label":"choose_map_node:0"}
waiting: waiting 43630b553cd442ecb688d074c3b832d1:194 actions=0
waiting: monster 43630b553cd442ecb688d074c3b832d1:196 actions=0
waiting: monster 43630b553cd442ecb688d074c3b832d1:197 actions=0
waiting: monster 43630b553cd442ecb688d074c3b832d1:198 actions=0
waiting: monster 43630b553cd442ecb688d074c3b832d1:199 actions=0
observed: monster 43630b553cd442ecb688d074c3b832d1:200 act 1 floor 9 actions=9
[action 65] legal actions:
  play_card:0:1  Play hand[0] Strike targeting Leaf Slime (M) (1)
  play_card:0:2  Play hand[0] Strike targeting Flyconid (2)
  play_card:1:none  Play hand[1] Sword Boomerang
  play_card:2:1  Play hand[2] Bash targeting Leaf Slime (M) (1)
  play_card:2:2  Play hand[2] Bash targeting Flyconid (2)
  play_card:3:none  Play hand[3] Defend
  play_card:4:1  Play hand[4] Strike targeting Leaf Slime (M) (1)
  play_card:4:2  Play hand[4] Strike targeting Flyconid (2)
  end_turn  End turn
Jev (typesafe-ai/jev): play_card:3:none  confidence=not returned
  distribution: play_card:3:none=0.41 play_card:2:2=0.16 play_card:2:1=0.15 play_card:1:none=0.12 play_card:0:1=0.07 play_card:0:2=0.04 end_turn=0.03 play_card:4:2=0.01 play_card:4:1=0.01
POST 202 {"status":"dispatched","state_version":"43630b553cd442ecb688d074c3b832d1:200","label":"play_card:3:none"}
waiting: waiting 43630b553cd442ecb688d074c3b832d1:201 actions=0
observed: monster 43630b553cd442ecb688d074c3b832d1:203 act 1 floor 9 actions=8
[action 66] legal actions:
  play_card:0:1  Play hand[0] Strike targeting Leaf Slime (M) (1)
  play_card:0:2  Play hand[0] Strike targeting Flyconid (2)
  play_card:1:none  Play hand[1] Sword Boomerang
  play_card:2:1  Play hand[2] Bash targeting Leaf Slime (M) (1)
  play_card:2:2  Play hand[2] Bash targeting Flyconid (2)
  play_card:3:1  Play hand[3] Strike targeting Leaf Slime (M) (1)
  play_card:3:2  Play hand[3] Strike targeting Flyconid (2)
  end_turn  End turn
Jev (typesafe-ai/jev): play_card:2:1  confidence=not returned
  distribution: play_card:2:1=0.28 play_card:2:2=0.23 play_card:1:none=0.16 end_turn=0.13 play_card:0:1=0.12 play_card:0:2=0.05 play_card:3:1=0.02 play_card:3:2=0.01
POST 202 {"status":"dispatched","state_version":"43630b553cd442ecb688d074c3b832d1:203","label":"play_card:2:1"}
waiting: waiting 43630b553cd442ecb688d074c3b832d1:204 actions=0
observed: monster 43630b553cd442ecb688d074c3b832d1:206 act 1 floor 9 actions=1
singleton legal set: end_turn  End turn (no inference)
POST 202 {"status":"dispatched","state_version":"43630b553cd442ecb688d074c3b832d1:206","label":"end_turn"}
waiting: waiting 43630b553cd442ecb688d074c3b832d1:207 actions=0
observed: monster 43630b553cd442ecb688d074c3b832d1:209 act 1 floor 9 actions=8
[action 68] legal actions:
  play_card:0:1  Play hand[0] Strike targeting Leaf Slime (M) (1)
  play_card:0:2  Play hand[0] Strike targeting Flyconid (2)
  play_card:1:1  Play hand[1] Strike targeting Leaf Slime (M) (1)
  play_card:1:2  Play hand[1] Strike targeting Flyconid (2)
  play_card:2:none  Play hand[2] Feel No Pain
  play_card:3:none  Play hand[3] Defend
  play_card:4:none  Play hand[4] Defend
  end_turn  End turn
Jev (typesafe-ai/jev): play_card:0:1  confidence=not returned
  distribution: play_card:0:1=0.45 play_card:1:1=0.18 play_card:2:none=0.12 play_card:3:none=0.1 play_card:0:2=0.06 end_turn=0.05 play_card:1:2=0.02 play_card:4:none=0.02
POST 202 {"status":"dispatched","state_version":"43630b553cd442ecb688d074c3b832d1:209","label":"play_card:0:1"}
waiting: waiting 43630b553cd442ecb688d074c3b832d1:210 actions=0
observed: monster 43630b553cd442ecb688d074c3b832d1:212 act 1 floor 9 actions=6
[action 69] legal actions:
  play_card:0:1  Play hand[0] Strike targeting Leaf Slime (M) (1)
  play_card:0:2  Play hand[0] Strike targeting Flyconid (2)
  play_card:1:none  Play hand[1] Feel No Pain
  play_card:2:none  Play hand[2] Defend
  play_card:3:none  Play hand[3] Defend
  end_turn  End turn
Jev (typesafe-ai/jev): play_card:0:1  confidence=not returned
  distribution: play_card:0:1=0.52 play_card:2:none=0.19 play_card:1:none=0.11 play_card:0:2=0.1 play_card:3:none=0.04 end_turn=0.04
POST 202 {"status":"dispatched","state_version":"43630b553cd442ecb688d074c3b832d1:212","label":"play_card:0:1"}
waiting: waiting 43630b553cd442ecb688d074c3b832d1:213 actions=0
observed: monster 43630b553cd442ecb688d074c3b832d1:215 act 1 floor 9 actions=4
[action 70] legal actions:
  play_card:0:none  Play hand[0] Feel No Pain
  play_card:1:none  Play hand[1] Defend
  play_card:2:none  Play hand[2] Defend
  end_turn  End turn
Jev (typesafe-ai/jev): play_card:1:none  confidence=not returned
  distribution: play_card:1:none=0.52 play_card:0:none=0.27 end_turn=0.19 play_card:2:none=0.02
POST 202 {"status":"dispatched","state_version":"43630b553cd442ecb688d074c3b832d1:215","label":"play_card:1:none"}
waiting: waiting 43630b553cd442ecb688d074c3b832d1:216 actions=0
observed: monster 43630b553cd442ecb688d074c3b832d1:218 act 1 floor 9 actions=1
singleton legal set: end_turn  End turn (no inference)
POST 202 {"status":"dispatched","state_version":"43630b553cd442ecb688d074c3b832d1:218","label":"end_turn"}
waiting: waiting 43630b553cd442ecb688d074c3b832d1:219 actions=0
observed: monster 43630b553cd442ecb688d074c3b832d1:221 act 1 floor 9 actions=9
[action 72] legal actions:
  play_card:0:1  Play hand[0] Strike targeting Leaf Slime (M) (1)
  play_card:0:2  Play hand[0] Strike targeting Flyconid (2)
  play_card:1:none  Play hand[1] Defend
  play_card:2:1  Play hand[2] Pommel Strike targeting Leaf Slime (M) (1)
  play_card:2:2  Play hand[2] Pommel Strike targeting Flyconid (2)
  play_card:3:none  Play hand[3] Defend
  play_card:4:1  Play hand[4] Strike targeting Leaf Slime (M) (1)
  play_card:4:2  Play hand[4] Strike targeting Flyconid (2)
  end_turn  End turn
Jev (typesafe-ai/jev): play_card:2:1  confidence=not returned
  distribution: play_card:2:1=0.37 play_card:2:2=0.19 play_card:1:none=0.15 play_card:0:2=0.08 play_card:0:1=0.08 end_turn=0.06 play_card:3:none=0.03 play_card:4:1=0.03 play_card:4:2=0.01
POST 202 {"status":"dispatched","state_version":"43630b553cd442ecb688d074c3b832d1:221","label":"play_card:2:1"}
waiting: waiting 43630b553cd442ecb688d074c3b832d1:222 actions=0
observed: monster 43630b553cd442ecb688d074c3b832d1:224 act 1 floor 9 actions=6
[action 73] legal actions:
  play_card:0:2  Play hand[0] Strike targeting Flyconid (2)
  play_card:1:none  Play hand[1] Defend
  play_card:2:none  Play hand[2] Defend
  play_card:3:2  Play hand[3] Strike targeting Flyconid (2)
  play_card:4:none  Play hand[4] Defend
  end_turn  End turn
Jev (typesafe-ai/jev): play_card:0:2  confidence=not returned
  distribution: play_card:0:2=0.45 play_card:1:none=0.32 end_turn=0.11 play_card:3:2=0.07 play_card:4:none=0.03 play_card:2:none=0.02
POST 202 {"status":"dispatched","state_version":"43630b553cd442ecb688d074c3b832d1:224","label":"play_card:0:2"}
waiting: waiting 43630b553cd442ecb688d074c3b832d1:225 actions=0
observed: monster 43630b553cd442ecb688d074c3b832d1:227 act 1 floor 9 actions=5
[action 74] legal actions:
  play_card:0:none  Play hand[0] Defend
  play_card:1:none  Play hand[1] Defend
  play_card:2:2  Play hand[2] Strike targeting Flyconid (2)
  play_card:3:none  Play hand[3] Defend
  end_turn  End turn
Jev (typesafe-ai/jev): play_card:2:2  confidence=not returned
  distribution: play_card:2:2=0.55 play_card:0:none=0.27 end_turn=0.15 play_card:3:none=0.02 play_card:1:none=0.01
POST 202 {"status":"dispatched","state_version":"43630b553cd442ecb688d074c3b832d1:227","label":"play_card:2:2"}
waiting: waiting 43630b553cd442ecb688d074c3b832d1:228 actions=0
observed: monster 43630b553cd442ecb688d074c3b832d1:230 act 1 floor 9 actions=1
singleton legal set: end_turn  End turn (no inference)
POST 202 {"status":"dispatched","state_version":"43630b553cd442ecb688d074c3b832d1:230","label":"end_turn"}
waiting: waiting 43630b553cd442ecb688d074c3b832d1:231 actions=0
observed: monster 43630b553cd442ecb688d074c3b832d1:233 act 1 floor 9 actions=6
[action 76] legal actions:
  play_card:0:2  Play hand[0] Strike targeting Flyconid (2)
  play_card:1:none  Play hand[1] Sword Boomerang
  play_card:2:2  Play hand[2] Strike targeting Flyconid (2)
  play_card:3:2  Play hand[3] Bash targeting Flyconid (2)
  play_card:4:2  Play hand[4] Strike targeting Flyconid (2)
  end_turn  End turn
Jev (typesafe-ai/jev): play_card:3:2  confidence=not returned
  distribution: play_card:3:2=0.54 play_card:0:2=0.16 end_turn=0.15 play_card:1:none=0.12 play_card:4:2=0.02 play_card:2:2=0.01
POST 202 {"status":"dispatched","state_version":"43630b553cd442ecb688d074c3b832d1:233","label":"play_card:3:2"}
waiting: waiting 43630b553cd442ecb688d074c3b832d1:234 actions=0
observed: monster 43630b553cd442ecb688d074c3b832d1:236 act 1 floor 9 actions=5
[action 77] legal actions:
  play_card:0:2  Play hand[0] Strike targeting Flyconid (2)
  play_card:1:none  Play hand[1] Sword Boomerang
  play_card:2:2  Play hand[2] Strike targeting Flyconid (2)
  play_card:3:2  Play hand[3] Strike targeting Flyconid (2)
  end_turn  End turn
Jev (typesafe-ai/jev): play_card:0:2  confidence=not returned
  distribution: play_card:0:2=0.54 play_card:1:none=0.26 end_turn=0.13 play_card:2:2=0.05 play_card:3:2=0.02
POST 202 {"status":"dispatched","state_version":"43630b553cd442ecb688d074c3b832d1:236","label":"play_card:0:2"}
waiting: waiting 43630b553cd442ecb688d074c3b832d1:237 actions=0
observed: monster 43630b553cd442ecb688d074c3b832d1:239 act 1 floor 9 actions=1
singleton legal set: end_turn  End turn (no inference)
POST 202 {"status":"dispatched","state_version":"43630b553cd442ecb688d074c3b832d1:239","label":"end_turn"}
waiting: waiting 43630b553cd442ecb688d074c3b832d1:240 actions=0
observed: monster 43630b553cd442ecb688d074c3b832d1:242 act 1 floor 9 actions=6
[action 79] legal actions:
  play_card:0:none  Play hand[0] Defend
  play_card:1:none  Play hand[1] Feel No Pain
  play_card:2:none  Play hand[2] Slimed
  play_card:3:none  Play hand[3] Slimed
  play_card:4:none  Play hand[4] Defend
  end_turn  End turn
Jev (typesafe-ai/jev): play_card:0:none  confidence=not returned
  distribution: play_card:0:none=0.52 play_card:2:none=0.14 play_card:4:none=0.13 end_turn=0.12 play_card:1:none=0.06 play_card:3:none=0.03
POST 202 {"status":"dispatched","state_version":"43630b553cd442ecb688d074c3b832d1:242","label":"play_card:0:none"}
waiting: waiting 43630b553cd442ecb688d074c3b832d1:243 actions=0
observed: monster 43630b553cd442ecb688d074c3b832d1:245 act 1 floor 9 actions=5
[action 80] legal actions:
  play_card:0:none  Play hand[0] Feel No Pain
  play_card:1:none  Play hand[1] Slimed
  play_card:2:none  Play hand[2] Slimed
  play_card:3:none  Play hand[3] Defend
  end_turn  End turn
Jev (typesafe-ai/jev): play_card:3:none  confidence=not returned
  distribution: play_card:3:none=0.55 play_card:0:none=0.19 play_card:1:none=0.14 end_turn=0.11 play_card:2:none=0.01
POST 202 {"status":"dispatched","state_version":"43630b553cd442ecb688d074c3b832d1:245","label":"play_card:3:none"}
waiting: waiting 43630b553cd442ecb688d074c3b832d1:246 actions=0
observed: monster 43630b553cd442ecb688d074c3b832d1:248 act 1 floor 9 actions=4
[action 81] legal actions:
  play_card:0:none  Play hand[0] Feel No Pain
  play_card:1:none  Play hand[1] Slimed
  play_card:2:none  Play hand[2] Slimed
  end_turn  End turn
Jev (typesafe-ai/jev): play_card:0:none  confidence=not returned
  distribution: play_card:0:none=0.44 end_turn=0.28 play_card:1:none=0.26 play_card:2:none=0.02
POST 202 {"status":"dispatched","state_version":"43630b553cd442ecb688d074c3b832d1:248","label":"play_card:0:none"}
waiting: waiting 43630b553cd442ecb688d074c3b832d1:249 actions=0
observed: monster 43630b553cd442ecb688d074c3b832d1:251 act 1 floor 9 actions=1
singleton legal set: end_turn  End turn (no inference)
POST 202 {"status":"dispatched","state_version":"43630b553cd442ecb688d074c3b832d1:251","label":"end_turn"}
waiting: waiting 43630b553cd442ecb688d074c3b832d1:252 actions=0
observed: monster 43630b553cd442ecb688d074c3b832d1:254 act 1 floor 9 actions=6
[action 83] legal actions:
  play_card:0:2  Play hand[0] Strike targeting Flyconid (2)
  play_card:1:2  Play hand[1] Pommel Strike targeting Flyconid (2)
  play_card:2:2  Play hand[2] Strike targeting Flyconid (2)
  play_card:3:none  Play hand[3] Defend
  play_card:4:none  Play hand[4] Sword Boomerang
  end_turn  End turn
Jev (typesafe-ai/jev): play_card:1:2  confidence=not returned
  distribution: play_card:1:2=0.41 play_card:3:none=0.36 end_turn=0.11 play_card:0:2=0.06 play_card:4:none=0.05 play_card:2:2=0.01
POST 202 {"status":"dispatched","state_version":"43630b553cd442ecb688d074c3b832d1:254","label":"play_card:1:2"}
waiting: waiting 43630b553cd442ecb688d074c3b832d1:255 actions=0
observed: monster 43630b553cd442ecb688d074c3b832d1:257 act 1 floor 9 actions=6
[action 84] legal actions:
  play_card:0:2  Play hand[0] Strike targeting Flyconid (2)
  play_card:1:2  Play hand[1] Strike targeting Flyconid (2)
  play_card:2:none  Play hand[2] Defend
  play_card:3:none  Play hand[3] Sword Boomerang
  play_card:4:2  Play hand[4] Strike targeting Flyconid (2)
  end_turn  End turn
Jev (typesafe-ai/jev): play_card:2:none  confidence=not returned
  distribution: play_card:2:none=0.45 play_card:0:2=0.28 play_card:3:none=0.09 play_card:4:2=0.07 end_turn=0.07 play_card:1:2=0.04
POST 202 {"status":"dispatched","state_version":"43630b553cd442ecb688d074c3b832d1:257","label":"play_card:2:none"}
waiting: waiting 43630b553cd442ecb688d074c3b832d1:258 actions=0
observed: monster 43630b553cd442ecb688d074c3b832d1:260 act 1 floor 9 actions=5
[action 85] legal actions:
  play_card:0:2  Play hand[0] Strike targeting Flyconid (2)
  play_card:1:2  Play hand[1] Strike targeting Flyconid (2)
  play_card:2:none  Play hand[2] Sword Boomerang
  play_card:3:2  Play hand[3] Strike targeting Flyconid (2)
  end_turn  End turn
Jev (typesafe-ai/jev): play_card:0:2  confidence=not returned
  distribution: play_card:0:2=0.47 end_turn=0.25 play_card:2:none=0.2 play_card:3:2=0.06 play_card:1:2=0.02
POST 202 {"status":"dispatched","state_version":"43630b553cd442ecb688d074c3b832d1:260","label":"play_card:0:2"}
waiting: waiting 43630b553cd442ecb688d074c3b832d1:261 actions=0
observed: monster 43630b553cd442ecb688d074c3b832d1:263 act 1 floor 9 actions=1
singleton legal set: end_turn  End turn (no inference)
POST 202 {"status":"dispatched","state_version":"43630b553cd442ecb688d074c3b832d1:263","label":"end_turn"}
waiting: waiting 43630b553cd442ecb688d074c3b832d1:264 actions=0
observed: monster 43630b553cd442ecb688d074c3b832d1:266 act 1 floor 9 actions=6
[action 87] legal actions:
  play_card:0:2  Play hand[0] Bash targeting Flyconid (2)
  play_card:1:2  Play hand[1] Strike targeting Flyconid (2)
  play_card:2:none  Play hand[2] Defend
  play_card:3:2  Play hand[3] Strike targeting Flyconid (2)
  play_card:4:none  Play hand[4] Defend
  end_turn  End turn
Jev (typesafe-ai/jev): play_card:0:2  confidence=not returned
  distribution: play_card:0:2=0.64 play_card:1:2=0.13 play_card:2:none=0.1 end_turn=0.06 play_card:3:2=0.05 play_card:4:none=0.02
POST 202 {"status":"dispatched","state_version":"43630b553cd442ecb688d074c3b832d1:266","label":"play_card:0:2"}
waiting: waiting 43630b553cd442ecb688d074c3b832d1:267 actions=0
observed: rewards 43630b553cd442ecb688d074c3b832d1:268 act 1 floor 9 actions=3
[action 88] legal actions:
  claim_reward:0  18 Gold
  claim_reward:1  Add a card to your deck.
  proceed  Leave rewards
Jev (typesafe-ai/jev): proceed  confidence=not returned
  distribution: proceed=0.35 claim_reward:0=0.34 claim_reward:1=0.31
POST 202 {"status":"dispatched","state_version":"43630b553cd442ecb688d074c3b832d1:268","label":"proceed"}
waiting: map 43630b553cd442ecb688d074c3b832d1:269 actions=0
observed: map 43630b553cd442ecb688d074c3b832d1:270 act 1 floor 9 actions=1
singleton legal set: choose_map_node:0  Travel to Treasure at (1,9) (no inference)
POST 202 {"status":"dispatched","state_version":"43630b553cd442ecb688d074c3b832d1:270","label":"choose_map_node:0"}
waiting: waiting 43630b553cd442ecb688d074c3b832d1:271 actions=0
observed: treasure 43630b553cd442ecb688d074c3b832d1:273 act 1 floor 10 actions=1
singleton legal set: open_treasure  Open visible chest (no inference)
POST 202 {"status":"dispatched","state_version":"43630b553cd442ecb688d074c3b832d1:273","label":"open_treasure"}
waiting: waiting 43630b553cd442ecb688d074c3b832d1:274 actions=0
observed: treasure 43630b553cd442ecb688d074c3b832d1:275 act 1 floor 10 actions=1
singleton legal set: claim_treasure_relic:0  Take Regal Pillow (no inference)
POST 202 {"status":"dispatched","state_version":"43630b553cd442ecb688d074c3b832d1:275","label":"claim_treasure_relic:0"}
observed: treasure 43630b553cd442ecb688d074c3b832d1:276 act 1 floor 10 actions=1
singleton legal set: proceed  Leave treasure room (no inference)
POST 202 {"status":"dispatched","state_version":"43630b553cd442ecb688d074c3b832d1:276","label":"proceed"}
waiting: map 43630b553cd442ecb688d074c3b832d1:278 actions=0
observed: map 43630b553cd442ecb688d074c3b832d1:279 act 1 floor 10 actions=2
[action 93] legal actions:
  choose_map_node:0  Travel to Elite at (0,10)
  choose_map_node:1  Travel to RestSite at (2,10)
Jev (typesafe-ai/jev): choose_map_node:1  confidence=not returned
  distribution: choose_map_node:1=0.8 choose_map_node:0=0.2
POST 202 {"status":"dispatched","state_version":"43630b553cd442ecb688d074c3b832d1:279","label":"choose_map_node:1"}
waiting: waiting 43630b553cd442ecb688d074c3b832d1:280 actions=0
waiting: rest_site 43630b553cd442ecb688d074c3b832d1:282 actions=0
observed: rest_site 43630b553cd442ecb688d074c3b832d1:283 act 1 floor 11 actions=2
[action 94] legal actions:
  choose_rest_option:0  Rest: Heal for 30% of your Max HP (24).
+15 HP from Regal Pillow.
  choose_rest_option:1  Smith: Upgrade a card in your Deck.
Jev (typesafe-ai/jev): choose_rest_option:0  confidence=not returned
  distribution: choose_rest_option:0=0.65 choose_rest_option:1=0.35
POST 202 {"status":"dispatched","state_version":"43630b553cd442ecb688d074c3b832d1:283","label":"choose_rest_option:0"}
waiting: waiting 43630b553cd442ecb688d074c3b832d1:284 actions=0
observed: rest_site 43630b553cd442ecb688d074c3b832d1:286 act 1 floor 11 actions=1
singleton legal set: proceed  Leave room (no inference)
POST 202 {"status":"dispatched","state_version":"43630b553cd442ecb688d074c3b832d1:286","label":"proceed"}
waiting: map 43630b553cd442ecb688d074c3b832d1:288 actions=0
observed: map 43630b553cd442ecb688d074c3b832d1:289 act 1 floor 11 actions=1
singleton legal set: choose_map_node:0  Travel to Monster at (2,11) (no inference)
POST 202 {"status":"dispatched","state_version":"43630b553cd442ecb688d074c3b832d1:289","label":"choose_map_node:0"}
waiting: waiting 43630b553cd442ecb688d074c3b832d1:290 actions=0
waiting: monster 43630b553cd442ecb688d074c3b832d1:292 actions=0
waiting: monster 43630b553cd442ecb688d074c3b832d1:293 actions=0
waiting: monster 43630b553cd442ecb688d074c3b832d1:294 actions=0
waiting: monster 43630b553cd442ecb688d074c3b832d1:295 actions=0
observed: monster 43630b553cd442ecb688d074c3b832d1:296 act 1 floor 12 actions=10
[action 97] legal actions:
  play_card:0:none  Play hand[0] Sword Boomerang
  play_card:1:none  Play hand[1] Defend
  play_card:2:none  Play hand[2] Defend
  play_card:3:1  Play hand[3] Strike targeting Assassin Raider (1)
  play_card:3:2  Play hand[3] Strike targeting Axe Raider (2)
  play_card:3:3  Play hand[3] Strike targeting Crossbow Raider (3)
  play_card:4:1  Play hand[4] Strike targeting Assassin Raider (1)
  play_card:4:2  Play hand[4] Strike targeting Axe Raider (2)
  play_card:4:3  Play hand[4] Strike targeting Crossbow Raider (3)
  end_turn  End turn
Jev (typesafe-ai/jev): play_card:0:none  confidence=not returned
  distribution: play_card:0:none=0.3 play_card:3:1=0.24 play_card:1:none=0.2 end_turn=0.09 play_card:3:3=0.07 play_card:4:1=0.04 play_card:3:2=0.03 play_card:4:3=0.01 play_card:4:2=0.01 play_card:2:none=0.01
POST 202 {"status":"dispatched","state_version":"43630b553cd442ecb688d074c3b832d1:296","label":"play_card:0:none"}
waiting: waiting 43630b553cd442ecb688d074c3b832d1:297 actions=0
observed: monster 43630b553cd442ecb688d074c3b832d1:299 act 1 floor 12 actions=9
[action 98] legal actions:
  play_card:0:none  Play hand[0] Defend
  play_card:1:none  Play hand[1] Defend
  play_card:2:1  Play hand[2] Strike targeting Assassin Raider (1)
  play_card:2:2  Play hand[2] Strike targeting Axe Raider (2)
  play_card:2:3  Play hand[2] Strike targeting Crossbow Raider (3)
  play_card:3:1  Play hand[3] Strike targeting Assassin Raider (1)
  play_card:3:2  Play hand[3] Strike targeting Axe Raider (2)
  play_card:3:3  Play hand[3] Strike targeting Crossbow Raider (3)
  end_turn  End turn
Jev (typesafe-ai/jev): play_card:2:1  confidence=not returned
  distribution: play_card:2:1=0.46 play_card:0:none=0.21 end_turn=0.09 play_card:2:3=0.06 play_card:2:2=0.06 play_card:3:1=0.06 play_card:1:none=0.03 play_card:3:2=0.02 play_card:3:3=0.01
POST 202 {"status":"dispatched","state_version":"43630b553cd442ecb688d074c3b832d1:299","label":"play_card:2:1"}
waiting: waiting 43630b553cd442ecb688d074c3b832d1:300 actions=0
observed: monster 43630b553cd442ecb688d074c3b832d1:302 act 1 floor 12 actions=6
[action 99] legal actions:
  play_card:0:none  Play hand[0] Defend
  play_card:1:none  Play hand[1] Defend
  play_card:2:1  Play hand[2] Strike targeting Assassin Raider (1)
  play_card:2:2  Play hand[2] Strike targeting Axe Raider (2)
  play_card:2:3  Play hand[2] Strike targeting Crossbow Raider (3)
  end_turn  End turn
Jev (typesafe-ai/jev): play_card:2:1  confidence=not returned
  distribution: play_card:2:1=0.37 play_card:0:none=0.28 end_turn=0.14 play_card:2:2=0.1 play_card:2:3=0.09 play_card:1:none=0.02
POST 202 {"status":"dispatched","state_version":"43630b553cd442ecb688d074c3b832d1:302","label":"play_card:2:1"}
waiting: waiting 43630b553cd442ecb688d074c3b832d1:303 actions=0
observed: monster 43630b553cd442ecb688d074c3b832d1:305 act 1 floor 12 actions=1
singleton legal set: end_turn  End turn (no inference)
POST 202 {"status":"dispatched","state_version":"43630b553cd442ecb688d074c3b832d1:305","label":"end_turn"}
waiting: waiting 43630b553cd442ecb688d074c3b832d1:306 actions=0
observed: monster 43630b553cd442ecb688d074c3b832d1:308 act 1 floor 12 actions=10
[action 101] legal actions:
  play_card:0:none  Play hand[0] Defend
  play_card:1:none  Play hand[1] Feel No Pain
  play_card:2:1  Play hand[2] Pommel Strike targeting Assassin Raider (1)
  play_card:2:2  Play hand[2] Pommel Strike targeting Axe Raider (2)
  play_card:2:3  Play hand[2] Pommel Strike targeting Crossbow Raider (3)
  play_card:3:none  Play hand[3] Defend
  play_card:4:1  Play hand[4] Strike targeting Assassin Raider (1)
  play_card:4:2  Play hand[4] Strike targeting Axe Raider (2)
  play_card:4:3  Play hand[4] Strike targeting Crossbow Raider (3)
  end_turn  End turn
Jev (typesafe-ai/jev): play_card:2:3  confidence=not returned
  distribution: play_card:2:3=0.33 play_card:2:1=0.31 play_card:0:none=0.12 end_turn=0.06 play_card:2:2=0.05 play_card:3:none=0.04 play_card:4:3=0.03 play_card:4:1=0.03 play_card:4:2=0.02 play_card:1:none=0.01
POST 202 {"status":"dispatched","state_version":"43630b553cd442ecb688d074c3b832d1:308","label":"play_card:2:3"}
waiting: waiting 43630b553cd442ecb688d074c3b832d1:309 actions=0
observed: monster 43630b553cd442ecb688d074c3b832d1:311 act 1 floor 12 actions=10
[action 102] legal actions:
  play_card:0:none  Play hand[0] Defend
  play_card:1:none  Play hand[1] Feel No Pain
  play_card:2:none  Play hand[2] Defend
  play_card:3:1  Play hand[3] Strike targeting Assassin Raider (1)
  play_card:3:2  Play hand[3] Strike targeting Axe Raider (2)
  play_card:3:3  Play hand[3] Strike targeting Crossbow Raider (3)
  play_card:4:1  Play hand[4] Bash targeting Assassin Raider (1)
  play_card:4:2  Play hand[4] Bash targeting Axe Raider (2)
  play_card:4:3  Play hand[4] Bash targeting Crossbow Raider (3)
  end_turn  End turn
Jev (typesafe-ai/jev): play_card:0:none  confidence=not returned
  distribution: play_card:0:none=0.28 play_card:4:1=0.21 play_card:4:3=0.2 end_turn=0.07 play_card:3:1=0.06 play_card:3:3=0.06 play_card:4:2=0.06 play_card:2:none=0.03 play_card:3:2=0.02 play_card:1:none=0.01
POST 202 {"status":"dispatched","state_version":"43630b553cd442ecb688d074c3b832d1:311","label":"play_card:0:none"}
waiting: waiting 43630b553cd442ecb688d074c3b832d1:312 actions=0
observed: monster 43630b553cd442ecb688d074c3b832d1:314 act 1 floor 12 actions=6
[action 103] legal actions:
  play_card:0:none  Play hand[0] Feel No Pain
  play_card:1:none  Play hand[1] Defend
  play_card:2:1  Play hand[2] Strike targeting Assassin Raider (1)
  play_card:2:2  Play hand[2] Strike targeting Axe Raider (2)
  play_card:2:3  Play hand[2] Strike targeting Crossbow Raider (3)
  end_turn  End turn
Jev (typesafe-ai/jev): play_card:1:none  confidence=not returned
  distribution: play_card:1:none=0.32 play_card:2:1=0.24 play_card:2:3=0.16 end_turn=0.13 play_card:0:none=0.08 play_card:2:2=0.07
POST 202 {"status":"dispatched","state_version":"43630b553cd442ecb688d074c3b832d1:314","label":"play_card:1:none"}
waiting: waiting 43630b553cd442ecb688d074c3b832d1:315 actions=0
observed: monster 43630b553cd442ecb688d074c3b832d1:317 act 1 floor 12 actions=1
singleton legal set: end_turn  End turn (no inference)
POST 202 {"status":"dispatched","state_version":"43630b553cd442ecb688d074c3b832d1:317","label":"end_turn"}
waiting: waiting 43630b553cd442ecb688d074c3b832d1:318 actions=0
observed: monster 43630b553cd442ecb688d074c3b832d1:320 act 1 floor 12 actions=14
[action 105] legal actions:
  play_card:0:1  Play hand[0] Strike targeting Assassin Raider (1)
  play_card:0:2  Play hand[0] Strike targeting Axe Raider (2)
  play_card:0:3  Play hand[0] Strike targeting Crossbow Raider (3)
  play_card:1:1  Play hand[1] Strike targeting Assassin Raider (1)
  play_card:1:2  Play hand[1] Strike targeting Axe Raider (2)
  play_card:1:3  Play hand[1] Strike targeting Crossbow Raider (3)
  play_card:2:1  Play hand[2] Strike targeting Assassin Raider (1)
  play_card:2:2  Play hand[2] Strike targeting Axe Raider (2)
  play_card:2:3  Play hand[2] Strike targeting Crossbow Raider (3)
  play_card:3:none  Play hand[3] Defend
  play_card:4:1  Play hand[4] Strike targeting Assassin Raider (1)
  play_card:4:2  Play hand[4] Strike targeting Axe Raider (2)
  play_card:4:3  Play hand[4] Strike targeting Crossbow Raider (3)
  end_turn  End turn
Jev (typesafe-ai/jev): play_card:3:none  confidence=not returned
  distribution: play_card:3:none=0.41 play_card:0:1=0.24 play_card:0:2=0.1 play_card:0:3=0.04 play_card:1:2=0.04 end_turn=0.04 play_card:2:1=0.03 play_card:4:1=0.03 play_card:1:1=0.02 play_card:2:2=0.02 play_card:4:2=0.01 play_card:1:3=0.01 play_card:4:3=0.01 play_card:2:3=0
POST 202 {"status":"dispatched","state_version":"43630b553cd442ecb688d074c3b832d1:320","label":"play_card:3:none"}
waiting: waiting 43630b553cd442ecb688d074c3b832d1:321 actions=0
observed: monster 43630b553cd442ecb688d074c3b832d1:323 act 1 floor 12 actions=13
[action 106] legal actions:
  play_card:0:1  Play hand[0] Strike targeting Assassin Raider (1)
  play_card:0:2  Play hand[0] Strike targeting Axe Raider (2)
  play_card:0:3  Play hand[0] Strike targeting Crossbow Raider (3)
  play_card:1:1  Play hand[1] Strike targeting Assassin Raider (1)
  play_card:1:2  Play hand[1] Strike targeting Axe Raider (2)
  play_card:1:3  Play hand[1] Strike targeting Crossbow Raider (3)
  play_card:2:1  Play hand[2] Strike targeting Assassin Raider (1)
  play_card:2:2  Play hand[2] Strike targeting Axe Raider (2)
  play_card:2:3  Play hand[2] Strike targeting Crossbow Raider (3)
  play_card:3:1  Play hand[3] Strike targeting Assassin Raider (1)
  play_card:3:2  Play hand[3] Strike targeting Axe Raider (2)
  play_card:3:3  Play hand[3] Strike targeting Crossbow Raider (3)
  end_turn  End turn
Jev (typesafe-ai/jev): play_card:0:1  confidence=not returned
  distribution: play_card:0:1=0.44 play_card:0:2=0.15 end_turn=0.14 play_card:1:2=0.06 play_card:2:1=0.04 play_card:0:3=0.04 play_card:3:2=0.03 play_card:2:2=0.03 play_card:3:1=0.02 play_card:1:1=0.02 play_card:2:3=0.01 play_card:1:3=0.01 play_card:3:3=0.01
POST 202 {"status":"dispatched","state_version":"43630b553cd442ecb688d074c3b832d1:323","label":"play_card:0:1"}
waiting: waiting 43630b553cd442ecb688d074c3b832d1:324 actions=0
observed: monster 43630b553cd442ecb688d074c3b832d1:326 act 1 floor 12 actions=10
[action 107] legal actions:
  play_card:0:1  Play hand[0] Strike targeting Assassin Raider (1)
  play_card:0:2  Play hand[0] Strike targeting Axe Raider (2)
  play_card:0:3  Play hand[0] Strike targeting Crossbow Raider (3)
  play_card:1:1  Play hand[1] Strike targeting Assassin Raider (1)
  play_card:1:2  Play hand[1] Strike targeting Axe Raider (2)
  play_card:1:3  Play hand[1] Strike targeting Crossbow Raider (3)
  play_card:2:1  Play hand[2] Strike targeting Assassin Raider (1)
  play_card:2:2  Play hand[2] Strike targeting Axe Raider (2)
  play_card:2:3  Play hand[2] Strike targeting Crossbow Raider (3)
  end_turn  End turn
Jev (typesafe-ai/jev): play_card:0:1  confidence=not returned
  distribution: play_card:0:1=0.48 end_turn=0.25 play_card:0:2=0.09 play_card:2:1=0.06 play_card:0:3=0.06 play_card:1:1=0.02 play_card:1:2=0.02 play_card:1:3=0.01 play_card:2:2=0.01 play_card:2:3=0
POST 202 {"status":"dispatched","state_version":"43630b553cd442ecb688d074c3b832d1:326","label":"play_card:0:1"}
waiting: waiting 43630b553cd442ecb688d074c3b832d1:327 actions=0
observed: monster 43630b553cd442ecb688d074c3b832d1:329 act 1 floor 12 actions=1
singleton legal set: end_turn  End turn (no inference)
POST 202 {"status":"dispatched","state_version":"43630b553cd442ecb688d074c3b832d1:329","label":"end_turn"}
waiting: waiting 43630b553cd442ecb688d074c3b832d1:330 actions=0
observed: monster 43630b553cd442ecb688d074c3b832d1:332 act 1 floor 12 actions=7
[action 109] legal actions:
  play_card:0:none  Play hand[0] Defend
  play_card:1:none  Play hand[1] Defend
  play_card:2:none  Play hand[2] Sword Boomerang
  play_card:3:2  Play hand[3] Strike targeting Axe Raider (2)
  play_card:3:3  Play hand[3] Strike targeting Crossbow Raider (3)
  play_card:4:none  Play hand[4] Feel No Pain
  end_turn  End turn
Jev (typesafe-ai/jev): play_card:3:3  confidence=not returned
  distribution: play_card:3:3=0.27 play_card:0:none=0.24 play_card:3:2=0.14 play_card:2:none=0.13 end_turn=0.1 play_card:1:none=0.07 play_card:4:none=0.05
POST 202 {"status":"dispatched","state_version":"43630b553cd442ecb688d074c3b832d1:332","label":"play_card:3:3"}
waiting: waiting 43630b553cd442ecb688d074c3b832d1:333 actions=0
observed: monster 43630b553cd442ecb688d074c3b832d1:335 act 1 floor 12 actions=5
[action 110] legal actions:
  play_card:0:none  Play hand[0] Defend
  play_card:1:none  Play hand[1] Defend
  play_card:2:none  Play hand[2] Sword Boomerang
  play_card:3:none  Play hand[3] Feel No Pain
  end_turn  End turn
Jev (typesafe-ai/jev): play_card:0:none  confidence=not returned
  distribution: play_card:0:none=0.39 play_card:2:none=0.26 end_turn=0.18 play_card:1:none=0.11 play_card:3:none=0.06
POST 202 {"status":"dispatched","state_version":"43630b553cd442ecb688d074c3b832d1:335","label":"play_card:0:none"}
waiting: waiting 43630b553cd442ecb688d074c3b832d1:336 actions=0
observed: monster 43630b553cd442ecb688d074c3b832d1:338 act 1 floor 12 actions=4
[action 111] legal actions:
  play_card:0:none  Play hand[0] Defend
  play_card:1:none  Play hand[1] Sword Boomerang
  play_card:2:none  Play hand[2] Feel No Pain
  end_turn  End turn
Jev (typesafe-ai/jev): play_card:0:none  confidence=not returned
  distribution: play_card:0:none=0.5 end_turn=0.23 play_card:1:none=0.21 play_card:2:none=0.06
POST 202 {"status":"dispatched","state_version":"43630b553cd442ecb688d074c3b832d1:338","label":"play_card:0:none"}
waiting: waiting 43630b553cd442ecb688d074c3b832d1:339 actions=0
observed: monster 43630b553cd442ecb688d074c3b832d1:341 act 1 floor 12 actions=1
singleton legal set: end_turn  End turn (no inference)
POST 202 {"status":"dispatched","state_version":"43630b553cd442ecb688d074c3b832d1:341","label":"end_turn"}
waiting: waiting 43630b553cd442ecb688d074c3b832d1:342 actions=0
observed: monster 43630b553cd442ecb688d074c3b832d1:344 act 1 floor 12 actions=9
[action 113] legal actions:
  play_card:0:2  Play hand[0] Bash targeting Axe Raider (2)
  play_card:0:3  Play hand[0] Bash targeting Crossbow Raider (3)
  play_card:1:none  Play hand[1] Defend
  play_card:2:2  Play hand[2] Pommel Strike targeting Axe Raider (2)
  play_card:2:3  Play hand[2] Pommel Strike targeting Crossbow Raider (3)
  play_card:3:none  Play hand[3] Sword Boomerang
  play_card:4:2  Play hand[4] Strike targeting Axe Raider (2)
  play_card:4:3  Play hand[4] Strike targeting Crossbow Raider (3)
  end_turn  End turn
Jev (typesafe-ai/jev): play_card:2:3  confidence=not returned
  distribution: play_card:2:3=0.25 play_card:0:2=0.19 play_card:2:2=0.16 play_card:0:3=0.15 play_card:1:none=0.1 play_card:3:none=0.08 play_card:4:3=0.03 end_turn=0.03 play_card:4:2=0.01
POST 202 {"status":"dispatched","state_version":"43630b553cd442ecb688d074c3b832d1:344","label":"play_card:2:3"}
waiting: waiting 43630b553cd442ecb688d074c3b832d1:345 actions=0
observed: monster 43630b553cd442ecb688d074c3b832d1:347 act 1 floor 12 actions=6
[action 114] legal actions:
  play_card:0:2  Play hand[0] Bash targeting Axe Raider (2)
  play_card:1:none  Play hand[1] Defend
  play_card:2:none  Play hand[2] Sword Boomerang
  play_card:3:2  Play hand[3] Strike targeting Axe Raider (2)
  play_card:4:none  Play hand[4] Defend
  end_turn  End turn
Jev (typesafe-ai/jev): play_card:0:2  confidence=not returned
  distribution: play_card:0:2=0.65 play_card:1:none=0.11 play_card:3:2=0.09 end_turn=0.07 play_card:2:none=0.06 play_card:4:none=0.02
POST 202 {"status":"dispatched","state_version":"43630b553cd442ecb688d074c3b832d1:347","label":"play_card:0:2"}
waiting: waiting 43630b553cd442ecb688d074c3b832d1:348 actions=0
observed: monster 43630b553cd442ecb688d074c3b832d1:350 act 1 floor 12 actions=1
singleton legal set: end_turn  End turn (no inference)
POST 202 {"status":"dispatched","state_version":"43630b553cd442ecb688d074c3b832d1:350","label":"end_turn"}
waiting: waiting 43630b553cd442ecb688d074c3b832d1:351 actions=0
observed: monster 43630b553cd442ecb688d074c3b832d1:353 act 1 floor 12 actions=6
[action 116] legal actions:
  play_card:0:2  Play hand[0] Strike targeting Axe Raider (2)
  play_card:1:2  Play hand[1] Strike targeting Axe Raider (2)
  play_card:2:2  Play hand[2] Strike targeting Axe Raider (2)
  play_card:3:none  Play hand[3] Defend
  play_card:4:2  Play hand[4] Strike targeting Axe Raider (2)
  end_turn  End turn
Jev (typesafe-ai/jev): play_card:0:2  confidence=not returned
  distribution: play_card:0:2=0.39 play_card:3:none=0.34 end_turn=0.1 play_card:1:2=0.07 play_card:4:2=0.06 play_card:2:2=0.04
POST 202 {"status":"dispatched","state_version":"43630b553cd442ecb688d074c3b832d1:353","label":"play_card:0:2"}
waiting: waiting 43630b553cd442ecb688d074c3b832d1:354 actions=0
observed: monster 43630b553cd442ecb688d074c3b832d1:356 act 1 floor 12 actions=5
[action 117] legal actions:
  play_card:0:2  Play hand[0] Strike targeting Axe Raider (2)
  play_card:1:2  Play hand[1] Strike targeting Axe Raider (2)
  play_card:2:none  Play hand[2] Defend
  play_card:3:2  Play hand[3] Strike targeting Axe Raider (2)
  end_turn  End turn
Jev (typesafe-ai/jev): play_card:2:none  confidence=not returned
  distribution: play_card:0:2=0.37 play_card:2:none=0.37 play_card:3:2=0.11 play_card:1:2=0.08 end_turn=0.07
POST 202 {"status":"dispatched","state_version":"43630b553cd442ecb688d074c3b832d1:356","label":"play_card:2:none"}
waiting: waiting 43630b553cd442ecb688d074c3b832d1:357 actions=0
observed: monster 43630b553cd442ecb688d074c3b832d1:359 act 1 floor 12 actions=4
[action 118] legal actions:
  play_card:0:2  Play hand[0] Strike targeting Axe Raider (2)
  play_card:1:2  Play hand[1] Strike targeting Axe Raider (2)
  play_card:2:2  Play hand[2] Strike targeting Axe Raider (2)
  end_turn  End turn
Jev (typesafe-ai/jev): play_card:0:2  confidence=not returned
  distribution: play_card:0:2=0.68 end_turn=0.24 play_card:2:2=0.06 play_card:1:2=0.02
POST 202 {"status":"dispatched","state_version":"43630b553cd442ecb688d074c3b832d1:359","label":"play_card:0:2"}
waiting: waiting 43630b553cd442ecb688d074c3b832d1:360 actions=0
observed: monster 43630b553cd442ecb688d074c3b832d1:362 act 1 floor 12 actions=1
singleton legal set: end_turn  End turn (no inference)
POST 202 {"status":"dispatched","state_version":"43630b553cd442ecb688d074c3b832d1:362","label":"end_turn"}
waiting: waiting 43630b553cd442ecb688d074c3b832d1:363 actions=0
observed: monster 43630b553cd442ecb688d074c3b832d1:365 act 1 floor 12 actions=6
[action 120] legal actions:
  play_card:0:none  Play hand[0] Defend
  play_card:1:none  Play hand[1] Feel No Pain
  play_card:2:none  Play hand[2] Defend
  play_card:3:none  Play hand[3] Defend
  play_card:4:2  Play hand[4] Pommel Strike targeting Axe Raider (2)
  end_turn  End turn
Jev (typesafe-ai/jev): play_card:4:2  confidence=not returned
  distribution: play_card:4:2=0.83 play_card:0:none=0.07 end_turn=0.06 play_card:1:none=0.02 play_card:3:none=0.01 play_card:2:none=0.01
POST 202 {"status":"dispatched","state_version":"43630b553cd442ecb688d074c3b832d1:365","label":"play_card:4:2"}
waiting: waiting 43630b553cd442ecb688d074c3b832d1:366 actions=0
observed: rewards 43630b553cd442ecb688d074c3b832d1:367 act 1 floor 12 actions=3
[action 121] legal actions:
  claim_reward:0  11 Gold
  claim_reward:1  Add a card to your deck.
  proceed  Leave rewards
Jev (typesafe-ai/jev): proceed  confidence=not returned
  distribution: proceed=0.37 claim_reward:1=0.33 claim_reward:0=0.3
POST 202 {"status":"dispatched","state_version":"43630b553cd442ecb688d074c3b832d1:367","label":"proceed"}
waiting: map 43630b553cd442ecb688d074c3b832d1:368 actions=0
observed: map 43630b553cd442ecb688d074c3b832d1:369 act 1 floor 12 actions=1
singleton legal set: choose_map_node:0  Travel to RestSite at (2,12) (no inference)
POST 202 {"status":"dispatched","state_version":"43630b553cd442ecb688d074c3b832d1:369","label":"choose_map_node:0"}
waiting: waiting 43630b553cd442ecb688d074c3b832d1:370 actions=0
waiting: rest_site 43630b553cd442ecb688d074c3b832d1:372 actions=0
observed: rest_site 43630b553cd442ecb688d074c3b832d1:373 act 1 floor 13 actions=2
[action 123] legal actions:
  choose_rest_option:0  Rest: Heal for 30% of your Max HP (24).
+15 HP from Regal Pillow.
  choose_rest_option:1  Smith: Upgrade a card in your Deck.
Jev (typesafe-ai/jev): choose_rest_option:0  confidence=not returned
  distribution: choose_rest_option:0=0.74 choose_rest_option:1=0.26
POST 202 {"status":"dispatched","state_version":"43630b553cd442ecb688d074c3b832d1:373","label":"choose_rest_option:0"}
waiting: waiting 43630b553cd442ecb688d074c3b832d1:374 actions=0
observed: rest_site 43630b553cd442ecb688d074c3b832d1:376 act 1 floor 13 actions=1
singleton legal set: proceed  Leave room (no inference)
POST 202 {"status":"dispatched","state_version":"43630b553cd442ecb688d074c3b832d1:376","label":"proceed"}
waiting: map 43630b553cd442ecb688d074c3b832d1:378 actions=0
observed: map 43630b553cd442ecb688d074c3b832d1:379 act 1 floor 13 actions=1
singleton legal set: choose_map_node:0  Travel to Monster at (2,13) (no inference)
POST 202 {"status":"dispatched","state_version":"43630b553cd442ecb688d074c3b832d1:379","label":"choose_map_node:0"}
waiting: waiting 43630b553cd442ecb688d074c3b832d1:380 actions=0
waiting: monster 43630b553cd442ecb688d074c3b832d1:382 actions=0
waiting: monster 43630b553cd442ecb688d074c3b832d1:383 actions=0
waiting: monster 43630b553cd442ecb688d074c3b832d1:384 actions=0
waiting: monster 43630b553cd442ecb688d074c3b832d1:385 actions=0
observed: monster 43630b553cd442ecb688d074c3b832d1:386 act 1 floor 14 actions=14
[action 126] legal actions:
  play_card:0:none  Play hand[0] Defend
  play_card:1:1  Play hand[1] Strike targeting Leaf Slime (S) (1)
  play_card:1:2  Play hand[1] Strike targeting Leaf Slime (S) (2)
  play_card:1:3  Play hand[1] Strike targeting Slithering Strangler (3)
  play_card:2:1  Play hand[2] Strike targeting Leaf Slime (S) (1)
  play_card:2:2  Play hand[2] Strike targeting Leaf Slime (S) (2)
  play_card:2:3  Play hand[2] Strike targeting Slithering Strangler (3)
  play_card:3:1  Play hand[3] Strike targeting Leaf Slime (S) (1)
  play_card:3:2  Play hand[3] Strike targeting Leaf Slime (S) (2)
  play_card:3:3  Play hand[3] Strike targeting Slithering Strangler (3)
  play_card:4:1  Play hand[4] Strike targeting Leaf Slime (S) (1)
  play_card:4:2  Play hand[4] Strike targeting Leaf Slime (S) (2)
  play_card:4:3  Play hand[4] Strike targeting Slithering Strangler (3)
  end_turn  End turn
Jev (typesafe-ai/jev): play_card:0:none  confidence=not returned
  distribution: play_card:0:none=0.3 play_card:1:1=0.23 play_card:1:3=0.18 end_turn=0.06 play_card:2:2=0.06 play_card:2:1=0.04 play_card:1:2=0.03 play_card:3:3=0.02 play_card:2:3=0.02 play_card:3:1=0.02 play_card:4:1=0.01 play_card:3:2=0.01 play_card:4:2=0.01 play_card:4:3=0.01
POST 202 {"status":"dispatched","state_version":"43630b553cd442ecb688d074c3b832d1:386","label":"play_card:0:none"}
waiting: waiting 43630b553cd442ecb688d074c3b832d1:387 actions=0
observed: monster 43630b553cd442ecb688d074c3b832d1:389 act 1 floor 14 actions=13
[action 127] legal actions:
  play_card:0:1  Play hand[0] Strike targeting Leaf Slime (S) (1)
  play_card:0:2  Play hand[0] Strike targeting Leaf Slime (S) (2)
  play_card:0:3  Play hand[0] Strike targeting Slithering Strangler (3)
  play_card:1:1  Play hand[1] Strike targeting Leaf Slime (S) (1)
  play_card:1:2  Play hand[1] Strike targeting Leaf Slime (S) (2)
  play_card:1:3  Play hand[1] Strike targeting Slithering Strangler (3)
  play_card:2:1  Play hand[2] Strike targeting Leaf Slime (S) (1)
  play_card:2:2  Play hand[2] Strike targeting Leaf Slime (S) (2)
  play_card:2:3  Play hand[2] Strike targeting Slithering Strangler (3)
  play_card:3:1  Play hand[3] Strike targeting Leaf Slime (S) (1)
  play_card:3:2  Play hand[3] Strike targeting Leaf Slime (S) (2)
  play_card:3:3  Play hand[3] Strike targeting Slithering Strangler (3)
  end_turn  End turn
Jev (typesafe-ai/jev): play_card:0:1  confidence=not returned
  distribution: play_card:0:1=0.38 play_card:0:3=0.26 end_turn=0.14 play_card:1:1=0.05 play_card:0:2=0.03 play_card:2:1=0.03 play_card:3:1=0.02 play_card:1:3=0.02 play_card:2:2=0.02 play_card:1:2=0.02 play_card:2:3=0.01 play_card:3:3=0.01 play_card:3:2=0.01
POST 202 {"status":"dispatched","state_version":"43630b553cd442ecb688d074c3b832d1:389","label":"play_card:0:1"}
waiting: waiting 43630b553cd442ecb688d074c3b832d1:390 actions=0
observed: monster 43630b553cd442ecb688d074c3b832d1:392 act 1 floor 14 actions=10
[action 128] legal actions:
  play_card:0:1  Play hand[0] Strike targeting Leaf Slime (S) (1)
  play_card:0:2  Play hand[0] Strike targeting Leaf Slime (S) (2)
  play_card:0:3  Play hand[0] Strike targeting Slithering Strangler (3)
  play_card:1:1  Play hand[1] Strike targeting Leaf Slime (S) (1)
  play_card:1:2  Play hand[1] Strike targeting Leaf Slime (S) (2)
  play_card:1:3  Play hand[1] Strike targeting Slithering Strangler (3)
  play_card:2:1  Play hand[2] Strike targeting Leaf Slime (S) (1)
  play_card:2:2  Play hand[2] Strike targeting Leaf Slime (S) (2)
  play_card:2:3  Play hand[2] Strike targeting Slithering Strangler (3)
  end_turn  End turn
Jev (typesafe-ai/jev): play_card:0:1  confidence=not returned
  distribution: play_card:0:1=0.39999999999999997 play_card:0:3=0.23 end_turn=0.22 play_card:0:2=0.05 play_card:1:2=0.03 play_card:2:1=0.02 play_card:1:1=0.02 play_card:2:3=0.01 play_card:2:2=0.01 play_card:1:3=0.01
POST 202 {"status":"dispatched","state_version":"43630b553cd442ecb688d074c3b832d1:392","label":"play_card:0:1"}
waiting: waiting 43630b553cd442ecb688d074c3b832d1:393 actions=0
observed: monster 43630b553cd442ecb688d074c3b832d1:395 act 1 floor 14 actions=1
singleton legal set: end_turn  End turn (no inference)
POST 202 {"status":"dispatched","state_version":"43630b553cd442ecb688d074c3b832d1:395","label":"end_turn"}
waiting: waiting 43630b553cd442ecb688d074c3b832d1:396 actions=0
observed: monster 43630b553cd442ecb688d074c3b832d1:398 act 1 floor 14 actions=12
[action 130] legal actions:
  play_card:0:none  Play hand[0] Feel No Pain
  play_card:1:1  Play hand[1] Pommel Strike targeting Leaf Slime (S) (1)
  play_card:1:2  Play hand[1] Pommel Strike targeting Leaf Slime (S) (2)
  play_card:1:3  Play hand[1] Pommel Strike targeting Slithering Strangler (3)
  play_card:2:1  Play hand[2] Bash targeting Leaf Slime (S) (1)
  play_card:2:2  Play hand[2] Bash targeting Leaf Slime (S) (2)
  play_card:2:3  Play hand[2] Bash targeting Slithering Strangler (3)
  play_card:3:none  Play hand[3] Defend
  play_card:4:1  Play hand[4] Strike targeting Leaf Slime (S) (1)
  play_card:4:2  Play hand[4] Strike targeting Leaf Slime (S) (2)
  play_card:4:3  Play hand[4] Strike targeting Slithering Strangler (3)
  end_turn  End turn
Jev (typesafe-ai/jev): play_card:1:3  confidence=not returned
  distribution: play_card:1:3=0.21000000000000002 play_card:1:1=0.18 play_card:2:3=0.14 play_card:3:none=0.13 play_card:0:none=0.09 play_card:1:2=0.06 end_turn=0.04 play_card:4:1=0.04 play_card:2:1=0.04 play_card:2:2=0.03 play_card:4:2=0.02 play_card:4:3=0.02
POST 202 {"status":"dispatched","state_version":"43630b553cd442ecb688d074c3b832d1:398","label":"play_card:1:3"}
waiting: waiting 43630b553cd442ecb688d074c3b832d1:399 actions=0
observed: monster 43630b553cd442ecb688d074c3b832d1:401 act 1 floor 14 actions=10
[action 131] legal actions:
  play_card:0:none  Play hand[0] Feel No Pain
  play_card:1:1  Play hand[1] Bash targeting Leaf Slime (S) (1)
  play_card:1:2  Play hand[1] Bash targeting Leaf Slime (S) (2)
  play_card:1:3  Play hand[1] Bash targeting Slithering Strangler (3)
  play_card:2:none  Play hand[2] Defend
  play_card:3:1  Play hand[3] Strike targeting Leaf Slime (S) (1)
  play_card:3:2  Play hand[3] Strike targeting Leaf Slime (S) (2)
  play_card:3:3  Play hand[3] Strike targeting Slithering Strangler (3)
  play_card:4:none  Play hand[4] Sword Boomerang
  end_turn  End turn
Jev (typesafe-ai/jev): play_card:1:3  confidence=not returned
  distribution: play_card:1:3=0.25 play_card:1:1=0.17 play_card:2:none=0.15 play_card:0:none=0.09 play_card:4:none=0.08 end_turn=0.08 play_card:3:1=0.07 play_card:1:2=0.06 play_card:3:3=0.03 play_card:3:2=0.02
POST 202 {"status":"dispatched","state_version":"43630b553cd442ecb688d074c3b832d1:401","label":"play_card:1:3"}
waiting: waiting 43630b553cd442ecb688d074c3b832d1:402 actions=0
observed: monster 43630b553cd442ecb688d074c3b832d1:404 act 1 floor 14 actions=1
singleton legal set: end_turn  End turn (no inference)
POST 202 {"status":"dispatched","state_version":"43630b553cd442ecb688d074c3b832d1:404","label":"end_turn"}
waiting: waiting 43630b553cd442ecb688d074c3b832d1:405 actions=0
observed: monster 43630b553cd442ecb688d074c3b832d1:407 act 1 floor 14 actions=10
[action 133] legal actions:
  play_card:0:none  Play hand[0] Defend
  play_card:1:none  Play hand[1] Defend
  play_card:2:none  Play hand[2] Sword Boomerang
  play_card:3:1  Play hand[3] Pommel Strike targeting Leaf Slime (S) (1)
  play_card:3:2  Play hand[3] Pommel Strike targeting Leaf Slime (S) (2)
  play_card:3:3  Play hand[3] Pommel Strike targeting Slithering Strangler (3)
  play_card:4:1  Play hand[4] Bash targeting Leaf Slime (S) (1)
  play_card:4:2  Play hand[4] Bash targeting Leaf Slime (S) (2)
  play_card:4:3  Play hand[4] Bash targeting Slithering Strangler (3)
  end_turn  End turn
Jev (typesafe-ai/jev): play_card:4:3  confidence=not returned
  distribution: play_card:4:3=0.52 play_card:3:3=0.27 play_card:3:1=0.05 play_card:0:none=0.04 end_turn=0.03 play_card:2:none=0.03 play_card:4:1=0.02 play_card:3:2=0.02 play_card:4:2=0.01 play_card:1:none=0.01
POST 202 {"status":"dispatched","state_version":"43630b553cd442ecb688d074c3b832d1:407","label":"play_card:4:3"}
waiting: waiting 43630b553cd442ecb688d074c3b832d1:408 actions=0
observed: monster 43630b553cd442ecb688d074c3b832d1:410 act 1 floor 14 actions=7
[action 134] legal actions:
  play_card:0:none  Play hand[0] Defend
  play_card:1:none  Play hand[1] Defend
  play_card:2:none  Play hand[2] Sword Boomerang
  play_card:3:1  Play hand[3] Pommel Strike targeting Leaf Slime (S) (1)
  play_card:3:2  Play hand[3] Pommel Strike targeting Leaf Slime (S) (2)
  play_card:3:3  Play hand[3] Pommel Strike targeting Slithering Strangler (3)
  end_turn  End turn
Jev (typesafe-ai/jev): play_card:3:3  confidence=not returned
  distribution: play_card:3:3=0.61 play_card:3:1=0.13 play_card:0:none=0.09 play_card:3:2=0.07 end_turn=0.06 play_card:2:none=0.03 play_card:1:none=0.01
POST 202 {"status":"dispatched","state_version":"43630b553cd442ecb688d074c3b832d1:410","label":"play_card:3:3"}
waiting: waiting 43630b553cd442ecb688d074c3b832d1:411 actions=0
observed: monster 43630b553cd442ecb688d074c3b832d1:413 act 1 floor 14 actions=1
singleton legal set: end_turn  End turn (no inference)
POST 202 {"status":"dispatched","state_version":"43630b553cd442ecb688d074c3b832d1:413","label":"end_turn"}
waiting: waiting 43630b553cd442ecb688d074c3b832d1:414 actions=0
observed: monster 43630b553cd442ecb688d074c3b832d1:416 act 1 floor 14 actions=12
[action 136] legal actions:
  play_card:0:1  Play hand[0] Strike targeting Leaf Slime (S) (1)
  play_card:0:2  Play hand[0] Strike targeting Leaf Slime (S) (2)
  play_card:0:3  Play hand[0] Strike targeting Slithering Strangler (3)
  play_card:1:none  Play hand[1] Slimed
  play_card:2:none  Play hand[2] Slimed
  play_card:3:1  Play hand[3] Strike targeting Leaf Slime (S) (1)
  play_card:3:2  Play hand[3] Strike targeting Leaf Slime (S) (2)
  play_card:3:3  Play hand[3] Strike targeting Slithering Strangler (3)
  play_card:4:1  Play hand[4] Strike targeting Leaf Slime (S) (1)
  play_card:4:2  Play hand[4] Strike targeting Leaf Slime (S) (2)
  play_card:4:3  Play hand[4] Strike targeting Slithering Strangler (3)
  end_turn  End turn
Jev (typesafe-ai/jev): play_card:0:3  confidence=not returned
  distribution: play_card:0:3=0.57 play_card:1:none=0.09 play_card:0:1=0.09 play_card:3:3=0.08 end_turn=0.05 play_card:4:3=0.04 play_card:0:2=0.02 play_card:2:none=0.02 play_card:4:2=0.01 play_card:4:1=0.01 play_card:3:1=0.01 play_card:3:2=0.01
POST 202 {"status":"dispatched","state_version":"43630b553cd442ecb688d074c3b832d1:416","label":"play_card:0:3"}
waiting: waiting 43630b553cd442ecb688d074c3b832d1:417 actions=0
observed: monster 43630b553cd442ecb688d074c3b832d1:419 act 1 floor 14 actions=9
[action 137] legal actions:
  play_card:0:none  Play hand[0] Slimed
  play_card:1:none  Play hand[1] Slimed
  play_card:2:1  Play hand[2] Strike targeting Leaf Slime (S) (1)
  play_card:2:2  Play hand[2] Strike targeting Leaf Slime (S) (2)
  play_card:2:3  Play hand[2] Strike targeting Slithering Strangler (3)
  play_card:3:1  Play hand[3] Strike targeting Leaf Slime (S) (1)
  play_card:3:2  Play hand[3] Strike targeting Leaf Slime (S) (2)
  play_card:3:3  Play hand[3] Strike targeting Slithering Strangler (3)
  end_turn  End turn
Jev (typesafe-ai/jev): play_card:2:3  confidence=not returned
  distribution: play_card:2:3=0.61 play_card:2:1=0.1 play_card:0:none=0.1 play_card:3:3=0.06 play_card:2:2=0.04 end_turn=0.04 play_card:3:1=0.02 play_card:1:none=0.02 play_card:3:2=0.01
POST 202 {"status":"dispatched","state_version":"43630b553cd442ecb688d074c3b832d1:419","label":"play_card:2:3"}
waiting: waiting 43630b553cd442ecb688d074c3b832d1:420 actions=0
observed: monster 43630b553cd442ecb688d074c3b832d1:422 act 1 floor 14 actions=5
[action 138] legal actions:
  play_card:0:none  Play hand[0] Slimed
  play_card:1:none  Play hand[1] Slimed
  play_card:2:1  Play hand[2] Strike targeting Leaf Slime (S) (1)
  play_card:2:2  Play hand[2] Strike targeting Leaf Slime (S) (2)
  end_turn  End turn
Jev (typesafe-ai/jev): play_card:2:1  confidence=not returned
  distribution: play_card:2:1=0.49 play_card:2:2=0.23 play_card:0:none=0.16 end_turn=0.1 play_card:1:none=0.02
POST 202 {"status":"dispatched","state_version":"43630b553cd442ecb688d074c3b832d1:422","label":"play_card:2:1"}
waiting: waiting 43630b553cd442ecb688d074c3b832d1:423 actions=0
observed: monster 43630b553cd442ecb688d074c3b832d1:425 act 1 floor 14 actions=1
singleton legal set: end_turn  End turn (no inference)
POST 202 {"status":"dispatched","state_version":"43630b553cd442ecb688d074c3b832d1:425","label":"end_turn"}
waiting: waiting 43630b553cd442ecb688d074c3b832d1:426 actions=0
observed: monster 43630b553cd442ecb688d074c3b832d1:428 act 1 floor 14 actions=6
[action 140] legal actions:
  play_card:0:2  Play hand[0] Strike targeting Leaf Slime (S) (2)
  play_card:1:2  Play hand[1] Strike targeting Leaf Slime (S) (2)
  play_card:2:none  Play hand[2] Feel No Pain
  play_card:3:none  Play hand[3] Defend
  play_card:4:none  Play hand[4] Slimed
  end_turn  End turn
Jev (typesafe-ai/jev): play_card:0:2  confidence=not returned
  distribution: play_card:0:2=0.47000000000000003 play_card:3:none=0.14 end_turn=0.13 play_card:4:none=0.1 play_card:2:none=0.08 play_card:1:2=0.08
POST 202 {"status":"dispatched","state_version":"43630b553cd442ecb688d074c3b832d1:428","label":"play_card:0:2"}
waiting: waiting 43630b553cd442ecb688d074c3b832d1:429 actions=0
observed: monster 43630b553cd442ecb688d074c3b832d1:431 act 1 floor 14 actions=5
[action 141] legal actions:
  play_card:0:2  Play hand[0] Strike targeting Leaf Slime (S) (2)
  play_card:1:none  Play hand[1] Feel No Pain
  play_card:2:none  Play hand[2] Defend
  play_card:3:none  Play hand[3] Slimed
  end_turn  End turn
Jev (typesafe-ai/jev): play_card:0:2  confidence=not returned
  distribution: play_card:0:2=0.54 play_card:2:none=0.15 end_turn=0.14 play_card:3:none=0.11 play_card:1:none=0.06
POST 202 {"status":"dispatched","state_version":"43630b553cd442ecb688d074c3b832d1:431","label":"play_card:0:2"}
waiting: waiting 43630b553cd442ecb688d074c3b832d1:432 actions=0
observed: monster 43630b553cd442ecb688d074c3b832d1:434 act 1 floor 14 actions=4
[action 142] legal actions:
  play_card:0:none  Play hand[0] Feel No Pain
  play_card:1:none  Play hand[1] Defend
  play_card:2:none  Play hand[2] Slimed
  end_turn  End turn
Jev (typesafe-ai/jev): play_card:1:none  confidence=not returned
  distribution: play_card:1:none=0.41 play_card:0:none=0.22 end_turn=0.2 play_card:2:none=0.17
POST 202 {"status":"dispatched","state_version":"43630b553cd442ecb688d074c3b832d1:434","label":"play_card:1:none"}
waiting: waiting 43630b553cd442ecb688d074c3b832d1:435 actions=0
observed: monster 43630b553cd442ecb688d074c3b832d1:437 act 1 floor 14 actions=1
singleton legal set: end_turn  End turn (no inference)
POST 202 {"status":"dispatched","state_version":"43630b553cd442ecb688d074c3b832d1:437","label":"end_turn"}
waiting: waiting 43630b553cd442ecb688d074c3b832d1:438 actions=0
observed: monster 43630b553cd442ecb688d074c3b832d1:440 act 1 floor 14 actions=6
[action 144] legal actions:
  play_card:0:none  Play hand[0] Slimed
  play_card:1:2  Play hand[1] Strike targeting Leaf Slime (S) (2)
  play_card:2:none  Play hand[2] Defend
  play_card:3:none  Play hand[3] Defend
  play_card:4:none  Play hand[4] Defend
  end_turn  End turn
Jev (typesafe-ai/jev): play_card:1:2  confidence=not returned
  distribution: play_card:1:2=0.77 play_card:2:none=0.09999999999999999 play_card:0:none=0.07 end_turn=0.04 play_card:3:none=0.01 play_card:4:none=0.01
POST 202 {"status":"dispatched","state_version":"43630b553cd442ecb688d074c3b832d1:440","label":"play_card:1:2"}
waiting: waiting 43630b553cd442ecb688d074c3b832d1:441 actions=0
observed: rewards 43630b553cd442ecb688d074c3b832d1:442 act 1 floor 14 actions=3
[action 145] legal actions:
  claim_reward:0  15 Gold
  claim_reward:1  Add a card to your deck.
  proceed  Leave rewards
Jev (typesafe-ai/jev): proceed  confidence=not returned
  distribution: proceed=0.38 claim_reward:0=0.31 claim_reward:1=0.31
POST 202 {"status":"dispatched","state_version":"43630b553cd442ecb688d074c3b832d1:442","label":"proceed"}
waiting: map 43630b553cd442ecb688d074c3b832d1:443 actions=0
observed: map 43630b553cd442ecb688d074c3b832d1:444 act 1 floor 14 actions=1
singleton legal set: choose_map_node:0  Travel to Shop at (2,14) (no inference)
POST 202 {"status":"dispatched","state_version":"43630b553cd442ecb688d074c3b832d1:444","label":"choose_map_node:0"}
waiting: waiting 43630b553cd442ecb688d074c3b832d1:445 actions=0
observed: shop 43630b553cd442ecb688d074c3b832d1:447 act 1 floor 15 actions=2
[action 147] legal actions:
  open_shop  Open merchant inventory
  proceed  Leave room
Jev (typesafe-ai/jev): proceed  confidence=not returned
  distribution: proceed=0.7 open_shop=0.3
POST 202 {"status":"dispatched","state_version":"43630b553cd442ecb688d074c3b832d1:447","label":"proceed"}
waiting: map 43630b553cd442ecb688d074c3b832d1:449 actions=0
observed: map 43630b553cd442ecb688d074c3b832d1:450 act 1 floor 15 actions=1
singleton legal set: choose_map_node:0  Travel to RestSite at (2,15) (no inference)
POST 202 {"status":"dispatched","state_version":"43630b553cd442ecb688d074c3b832d1:450","label":"choose_map_node:0"}
waiting: waiting 43630b553cd442ecb688d074c3b832d1:451 actions=0
waiting: rest_site 43630b553cd442ecb688d074c3b832d1:453 actions=0
observed: rest_site 43630b553cd442ecb688d074c3b832d1:454 act 1 floor 16 actions=2
[action 149] legal actions:
  choose_rest_option:0  Rest: Heal for 30% of your Max HP (24).
+15 HP from Regal Pillow.
  choose_rest_option:1  Smith: Upgrade a card in your Deck.
Jev (typesafe-ai/jev): choose_rest_option:0  confidence=not returned
  distribution: choose_rest_option:0=0.67 choose_rest_option:1=0.33
POST 202 {"status":"dispatched","state_version":"43630b553cd442ecb688d074c3b832d1:454","label":"choose_rest_option:0"}
waiting: waiting 43630b553cd442ecb688d074c3b832d1:455 actions=0
observed: rest_site 43630b553cd442ecb688d074c3b832d1:457 act 1 floor 16 actions=1
singleton legal set: proceed  Leave room (no inference)
POST 202 {"status":"dispatched","state_version":"43630b553cd442ecb688d074c3b832d1:457","label":"proceed"}
waiting: map 43630b553cd442ecb688d074c3b832d1:459 actions=0
observed: map 43630b553cd442ecb688d074c3b832d1:460 act 1 floor 16 actions=1
singleton legal set: choose_map_node:0  Travel to Boss at (3,16) (no inference)
POST 202 {"status":"dispatched","state_version":"43630b553cd442ecb688d074c3b832d1:460","label":"choose_map_node:0"}
waiting: waiting 43630b553cd442ecb688d074c3b832d1:461 actions=0
waiting: boss 43630b553cd442ecb688d074c3b832d1:463 actions=0
waiting: boss 43630b553cd442ecb688d074c3b832d1:464 actions=0
waiting: boss 43630b553cd442ecb688d074c3b832d1:465 actions=0
waiting: boss 43630b553cd442ecb688d074c3b832d1:466 actions=0
observed: boss 43630b553cd442ecb688d074c3b832d1:467 act 1 floor 17 actions=6
[action 152] legal actions:
  play_card:0:none  Play hand[0] Defend
  play_card:1:1  Play hand[1] Strike targeting Vantom (1)
  play_card:2:1  Play hand[2] Strike targeting Vantom (1)
  play_card:3:none  Play hand[3] Defend
  play_card:4:none  Play hand[4] Defend
  end_turn  End turn
Jev (typesafe-ai/jev): play_card:1:1  confidence=not returned
  distribution: play_card:1:1=0.43 play_card:0:none=0.34 end_turn=0.14 play_card:3:none=0.04 play_card:2:1=0.03 play_card:4:none=0.02
POST 202 {"status":"dispatched","state_version":"43630b553cd442ecb688d074c3b832d1:467","label":"play_card:1:1"}
waiting: waiting 43630b553cd442ecb688d074c3b832d1:468 actions=0
observed: boss 43630b553cd442ecb688d074c3b832d1:470 act 1 floor 17 actions=5
[action 153] legal actions:
  play_card:0:none  Play hand[0] Defend
  play_card:1:1  Play hand[1] Strike targeting Vantom (1)
  play_card:2:none  Play hand[2] Defend
  play_card:3:none  Play hand[3] Defend
  end_turn  End turn
Jev (typesafe-ai/jev): play_card:1:1  confidence=not returned
  distribution: play_card:1:1=0.5 play_card:0:none=0.33 end_turn=0.13 play_card:2:none=0.03 play_card:3:none=0.01
POST 202 {"status":"dispatched","state_version":"43630b553cd442ecb688d074c3b832d1:470","label":"play_card:1:1"}
waiting: waiting 43630b553cd442ecb688d074c3b832d1:471 actions=0
observed: boss 43630b553cd442ecb688d074c3b832d1:473 act 1 floor 17 actions=4
[action 154] legal actions:
  play_card:0:none  Play hand[0] Defend
  play_card:1:none  Play hand[1] Defend
  play_card:2:none  Play hand[2] Defend
  end_turn  End turn
Jev (typesafe-ai/jev): play_card:0:none  confidence=not returned
  distribution: play_card:0:none=0.82 end_turn=0.16 play_card:1:none=0.01 play_card:2:none=0.01
POST 202 {"status":"dispatched","state_version":"43630b553cd442ecb688d074c3b832d1:473","label":"play_card:0:none"}
waiting: waiting 43630b553cd442ecb688d074c3b832d1:474 actions=0
observed: boss 43630b553cd442ecb688d074c3b832d1:476 act 1 floor 17 actions=1
singleton legal set: end_turn  End turn (no inference)
POST 202 {"status":"dispatched","state_version":"43630b553cd442ecb688d074c3b832d1:476","label":"end_turn"}
waiting: waiting 43630b553cd442ecb688d074c3b832d1:477 actions=0
observed: boss 43630b553cd442ecb688d074c3b832d1:479 act 1 floor 17 actions=6
[action 156] legal actions:
  play_card:0:none  Play hand[0] Feel No Pain
  play_card:1:1  Play hand[1] Bash targeting Vantom (1)
  play_card:2:1  Play hand[2] Strike targeting Vantom (1)
  play_card:3:1  Play hand[3] Strike targeting Vantom (1)
  play_card:4:1  Play hand[4] Pommel Strike targeting Vantom (1)
  end_turn  End turn
Jev (typesafe-ai/jev): play_card:1:1  confidence=not returned
  distribution: play_card:1:1=0.38 play_card:4:1=0.25 play_card:0:none=0.19 end_turn=0.09 play_card:2:1=0.08 play_card:3:1=0.01
POST 202 {"status":"dispatched","state_version":"43630b553cd442ecb688d074c3b832d1:479","label":"play_card:1:1"}
waiting: waiting 43630b553cd442ecb688d074c3b832d1:480 actions=0
observed: boss 43630b553cd442ecb688d074c3b832d1:482 act 1 floor 17 actions=5
[action 157] legal actions:
  play_card:0:none  Play hand[0] Feel No Pain
  play_card:1:1  Play hand[1] Strike targeting Vantom (1)
  play_card:2:1  Play hand[2] Strike targeting Vantom (1)
  play_card:3:1  Play hand[3] Pommel Strike targeting Vantom (1)
  end_turn  End turn
Jev (typesafe-ai/jev): play_card:3:1  confidence=not returned
  distribution: play_card:3:1=0.36 play_card:1:1=0.31 play_card:0:none=0.2 end_turn=0.12 play_card:2:1=0.01
POST 202 {"status":"dispatched","state_version":"43630b553cd442ecb688d074c3b832d1:482","label":"play_card:3:1"}
waiting: waiting 43630b553cd442ecb688d074c3b832d1:483 actions=0
observed: boss 43630b553cd442ecb688d074c3b832d1:485 act 1 floor 17 actions=1
singleton legal set: end_turn  End turn (no inference)
POST 202 {"status":"dispatched","state_version":"43630b553cd442ecb688d074c3b832d1:485","label":"end_turn"}
waiting: waiting 43630b553cd442ecb688d074c3b832d1:486 actions=0
observed: boss 43630b553cd442ecb688d074c3b832d1:488 act 1 floor 17 actions=6
[action 159] legal actions:
  play_card:0:none  Play hand[0] Sword Boomerang
  play_card:1:none  Play hand[1] Defend
  play_card:2:1  Play hand[2] Strike targeting Vantom (1)
  play_card:3:1  Play hand[3] Bash targeting Vantom (1)
  play_card:4:none  Play hand[4] Defend
  end_turn  End turn
Jev (typesafe-ai/jev): play_card:3:1  confidence=not returned
  distribution: play_card:3:1=0.68 play_card:1:none=0.12 play_card:2:1=0.08 play_card:0:none=0.05 end_turn=0.04 play_card:4:none=0.03
POST 202 {"status":"dispatched","state_version":"43630b553cd442ecb688d074c3b832d1:488","label":"play_card:3:1"}
waiting: waiting 43630b553cd442ecb688d074c3b832d1:489 actions=0
observed: boss 43630b553cd442ecb688d074c3b832d1:491 act 1 floor 17 actions=5
[action 160] legal actions:
  play_card:0:none  Play hand[0] Sword Boomerang
  play_card:1:none  Play hand[1] Defend
  play_card:2:1  Play hand[2] Strike targeting Vantom (1)
  play_card:3:none  Play hand[3] Defend
  end_turn  End turn
Jev (typesafe-ai/jev): play_card:2:1  confidence=not returned
  distribution: play_card:2:1=0.37 play_card:1:none=0.35 play_card:0:none=0.13 end_turn=0.12 play_card:3:none=0.03
POST 202 {"status":"dispatched","state_version":"43630b553cd442ecb688d074c3b832d1:491","label":"play_card:2:1"}
waiting: waiting 43630b553cd442ecb688d074c3b832d1:492 actions=0
observed: boss 43630b553cd442ecb688d074c3b832d1:494 act 1 floor 17 actions=1
singleton legal set: end_turn  End turn (no inference)
POST 202 {"status":"dispatched","state_version":"43630b553cd442ecb688d074c3b832d1:494","label":"end_turn"}
waiting: waiting 43630b553cd442ecb688d074c3b832d1:495 actions=0
observed: boss 43630b553cd442ecb688d074c3b832d1:497 act 1 floor 17 actions=6
[action 162] legal actions:
  play_card:0:none  Play hand[0] Defend
  play_card:1:1  Play hand[1] Strike targeting Vantom (1)
  play_card:2:none  Play hand[2] Feel No Pain
  play_card:3:1  Play hand[3] Strike targeting Vantom (1)
  play_card:4:1  Play hand[4] Strike targeting Vantom (1)
  end_turn  End turn
Jev (typesafe-ai/jev): play_card:1:1  confidence=not returned
  distribution: play_card:1:1=0.53 play_card:4:1=0.12 play_card:2:none=0.11 play_card:3:1=0.09 play_card:0:none=0.08 end_turn=0.07
POST 202 {"status":"dispatched","state_version":"43630b553cd442ecb688d074c3b832d1:497","label":"play_card:1:1"}
waiting: waiting 43630b553cd442ecb688d074c3b832d1:498 actions=0
observed: boss 43630b553cd442ecb688d074c3b832d1:500 act 1 floor 17 actions=5
[action 163] legal actions:
  play_card:0:none  Play hand[0] Defend
  play_card:1:none  Play hand[1] Feel No Pain
  play_card:2:1  Play hand[2] Strike targeting Vantom (1)
  play_card:3:1  Play hand[3] Strike targeting Vantom (1)
  end_turn  End turn
Jev (typesafe-ai/jev): play_card:2:1  confidence=not returned
  distribution: play_card:2:1=0.63 play_card:0:none=0.12 play_card:3:1=0.11 play_card:1:none=0.07 end_turn=0.07
POST 202 {"status":"dispatched","state_version":"43630b553cd442ecb688d074c3b832d1:500","label":"play_card:2:1"}
waiting: waiting 43630b553cd442ecb688d074c3b832d1:501 actions=0
observed: boss 43630b553cd442ecb688d074c3b832d1:503 act 1 floor 17 actions=4
[action 164] legal actions:
  play_card:0:none  Play hand[0] Defend
  play_card:1:none  Play hand[1] Feel No Pain
  play_card:2:1  Play hand[2] Strike targeting Vantom (1)
  end_turn  End turn
Jev (typesafe-ai/jev): play_card:2:1  confidence=not returned
  distribution: play_card:2:1=0.8 play_card:0:none=0.11 end_turn=0.07 play_card:1:none=0.02
POST 202 {"status":"dispatched","state_version":"43630b553cd442ecb688d074c3b832d1:503","label":"play_card:2:1"}
waiting: waiting 43630b553cd442ecb688d074c3b832d1:504 actions=0
observed: boss 43630b553cd442ecb688d074c3b832d1:506 act 1 floor 17 actions=1
singleton legal set: end_turn  End turn (no inference)
POST 202 {"status":"dispatched","state_version":"43630b553cd442ecb688d074c3b832d1:506","label":"end_turn"}
waiting: waiting 43630b553cd442ecb688d074c3b832d1:507 actions=0
observed: boss 43630b553cd442ecb688d074c3b832d1:509 act 1 floor 17 actions=5
[action 166] legal actions:
  play_card:0:1  Play hand[0] Pommel Strike targeting Vantom (1)
  play_card:1:none  Play hand[1] Defend
  play_card:2:1  Play hand[2] Strike targeting Vantom (1)
  play_card:3:none  Play hand[3] Defend
  end_turn  End turn
Jev (typesafe-ai/jev): play_card:0:1  confidence=not returned
  distribution: play_card:0:1=0.76 play_card:1:none=0.13 play_card:2:1=0.05 end_turn=0.04 play_card:3:none=0.02
POST 202 {"status":"dispatched","state_version":"43630b553cd442ecb688d074c3b832d1:509","label":"play_card:0:1"}
waiting: waiting 43630b553cd442ecb688d074c3b832d1:510 actions=0
observed: boss 43630b553cd442ecb688d074c3b832d1:512 act 1 floor 17 actions=5
[action 167] legal actions:
  play_card:0:none  Play hand[0] Defend
  play_card:1:1  Play hand[1] Strike targeting Vantom (1)
  play_card:2:none  Play hand[2] Defend
  play_card:4:none  Play hand[4] Sword Boomerang
  end_turn  End turn
Jev (typesafe-ai/jev): play_card:1:1  confidence=not returned
  distribution: play_card:1:1=0.58 play_card:4:none=0.18 play_card:0:none=0.14 end_turn=0.07 play_card:2:none=0.03
POST 202 {"status":"dispatched","state_version":"43630b553cd442ecb688d074c3b832d1:512","label":"play_card:1:1"}
waiting: waiting 43630b553cd442ecb688d074c3b832d1:513 actions=0
observed: boss 43630b553cd442ecb688d074c3b832d1:515 act 1 floor 17 actions=4
[action 168] legal actions:
  play_card:0:none  Play hand[0] Defend
  play_card:1:none  Play hand[1] Defend
  play_card:3:none  Play hand[3] Sword Boomerang
  end_turn  End turn
Jev (typesafe-ai/jev): play_card:0:none  confidence=not returned
  distribution: play_card:0:none=0.52 play_card:3:none=0.31 end_turn=0.14 play_card:1:none=0.03
POST 202 {"status":"dispatched","state_version":"43630b553cd442ecb688d074c3b832d1:515","label":"play_card:0:none"}
waiting: waiting 43630b553cd442ecb688d074c3b832d1:516 actions=0
observed: boss 43630b553cd442ecb688d074c3b832d1:518 act 1 floor 17 actions=1
singleton legal set: end_turn  End turn (no inference)
POST 202 {"status":"dispatched","state_version":"43630b553cd442ecb688d074c3b832d1:518","label":"end_turn"}
waiting: waiting 43630b553cd442ecb688d074c3b832d1:519 actions=0
observed: boss 43630b553cd442ecb688d074c3b832d1:521 act 1 floor 17 actions=5
[action 170] legal actions:
  play_card:0:1  Play hand[0] Strike targeting Vantom (1)
  play_card:1:1  Play hand[1] Strike targeting Vantom (1)
  play_card:3:none  Play hand[3] Feel No Pain
  play_card:4:1  Play hand[4] Strike targeting Vantom (1)
  end_turn  End turn
Jev (typesafe-ai/jev): play_card:3:none  confidence=not returned
  distribution: play_card:3:none=0.38 play_card:0:1=0.35 end_turn=0.16 play_card:4:1=0.07 play_card:1:1=0.04
POST 202 {"status":"dispatched","state_version":"43630b553cd442ecb688d074c3b832d1:521","label":"play_card:3:none"}
waiting: waiting 43630b553cd442ecb688d074c3b832d1:522 actions=0
observed: boss 43630b553cd442ecb688d074c3b832d1:524 act 1 floor 17 actions=4
[action 171] legal actions:
  play_card:0:1  Play hand[0] Strike targeting Vantom (1)
  play_card:1:1  Play hand[1] Strike targeting Vantom (1)
  play_card:3:1  Play hand[3] Strike targeting Vantom (1)
  end_turn  End turn
Jev (typesafe-ai/jev): play_card:0:1  confidence=not returned
  distribution: play_card:0:1=0.63 end_turn=0.29 play_card:1:1=0.05 play_card:3:1=0.03
POST 202 {"status":"dispatched","state_version":"43630b553cd442ecb688d074c3b832d1:524","label":"play_card:0:1"}
waiting: waiting 43630b553cd442ecb688d074c3b832d1:525 actions=0
observed: boss 43630b553cd442ecb688d074c3b832d1:527 act 1 floor 17 actions=3
[action 172] legal actions:
  play_card:0:1  Play hand[0] Strike targeting Vantom (1)
  play_card:2:1  Play hand[2] Strike targeting Vantom (1)
  end_turn  End turn
Jev (typesafe-ai/jev): play_card:0:1  confidence=not returned
  distribution: play_card:0:1=0.71 end_turn=0.22 play_card:2:1=0.07
POST 202 {"status":"dispatched","state_version":"43630b553cd442ecb688d074c3b832d1:527","label":"play_card:0:1"}
waiting: waiting 43630b553cd442ecb688d074c3b832d1:528 actions=0
observed: boss 43630b553cd442ecb688d074c3b832d1:530 act 1 floor 17 actions=1
singleton legal set: end_turn  End turn (no inference)
POST 202 {"status":"dispatched","state_version":"43630b553cd442ecb688d074c3b832d1:530","label":"end_turn"}
waiting: waiting 43630b553cd442ecb688d074c3b832d1:531 actions=0
observed: boss 43630b553cd442ecb688d074c3b832d1:533 act 1 floor 17 actions=5
[action 174] legal actions:
  play_card:1:none  Play hand[1] Defend
  play_card:2:1  Play hand[2] Bash targeting Vantom (1)
  play_card:3:1  Play hand[3] Strike targeting Vantom (1)
  play_card:4:none  Play hand[4] Defend
  end_turn  End turn
Jev (typesafe-ai/jev): play_card:1:none  confidence=not returned
  distribution: play_card:1:none=0.46 play_card:2:1=0.31 end_turn=0.11 play_card:4:none=0.07 play_card:3:1=0.05
POST 202 {"status":"dispatched","state_version":"43630b553cd442ecb688d074c3b832d1:533","label":"play_card:1:none"}
waiting: waiting 43630b553cd442ecb688d074c3b832d1:534 actions=0
observed: boss 43630b553cd442ecb688d074c3b832d1:536 act 1 floor 17 actions=4
[action 175] legal actions:
  play_card:1:1  Play hand[1] Bash targeting Vantom (1)
  play_card:2:1  Play hand[2] Strike targeting Vantom (1)
  play_card:3:none  Play hand[3] Defend
  end_turn  End turn
Jev (typesafe-ai/jev): play_card:1:1  confidence=not returned
  distribution: play_card:1:1=0.42 play_card:3:none=0.28 end_turn=0.17 play_card:2:1=0.13
POST 202 {"status":"dispatched","state_version":"43630b553cd442ecb688d074c3b832d1:536","label":"play_card:1:1"}
waiting: waiting 43630b553cd442ecb688d074c3b832d1:537 actions=0
observed: boss 43630b553cd442ecb688d074c3b832d1:539 act 1 floor 17 actions=1
singleton legal set: end_turn  End turn (no inference)
POST 202 {"status":"dispatched","state_version":"43630b553cd442ecb688d074c3b832d1:539","label":"end_turn"}
waiting: waiting 43630b553cd442ecb688d074c3b832d1:540 actions=0
observed: game_over 43630b553cd442ecb688d074c3b832d1:542 actions=0
summary: {"outcome":"terminal","dispatched":176,"model_calls":122,"forced":55,"seed":"3GS28H63P9HY","last_state_type":"game_over","visible_text":"","input_tokens":392409,"output_tokens":10389,"wall_ms":471629}
